/users/home/gustiani/VeriPulse/.venv/lib/python3.14/site-packages/qutip/core/data/expm.py:146: LinAlgWarning: Matrix is singular. The result might be inaccurate or the array might not have a square root.
  return Dense(scipy.linalg.sqrtm(matrix.as_ndarray()))
/users/home/gustiani/VeriPulse/src/veripulse/sdp.py:114: UserWarning: Solution may be inaccurate. Try another solver, adjusting the solver settings, or solve with verbose=True for more information.
  prob.solve(solver=solver, canon_backend="SCIPY", **solver_opts)
Secret Independence =  0.49724250882552296
fidelity error =  0.12230027753528526
Secret Independence =  0.497236244387435
fidelity error =  0.12229610998039939
Secret Independence =  0.49722995216014276
fidelity error =  0.12229193622221933
Secret Independence =  0.4972046433855598
fidelity error =  0.1222752411356588
Secret Independence =  0.4971406196358558
fidelity error =  0.12223364899344984
Secret Independence =  0.4971339090858247
fidelity error =  0.12222938509930847
Secret Independence =  0.4971069174065106
fidelity error =  0.122212329505411
Secret Independence =  0.4969965596738207
fidelity error =  0.12214410695551112
Secret Independence =  0.49663857144980506
fidelity error =  0.12193724624392258
Secret Independence =  0.4966296319527628
fidelity error =  0.12193254557253126
Secret Independence =  0.49659367284734324
fidelity error =  0.1219137430174197
Secret Independence =  0.49654716135193644
fidelity error =  0.12188966866779827
Secret Independence =  0.4965378199145858
fidelity error =  0.12188490306198695
Secret Independence =  0.4965278480415889
fidelity error =  0.1218798276629332
Secret Independence =  0.49651843495791537
fidelity error =  0.12187504680316869
Secret Independence =  0.4964805707925199
fidelity error =  0.1218559235656683
Secret Independence =  0.4963257260750255
fidelity error =  0.1217794339993433
Secret Independence =  0.4956522208469403
fidelity error =  0.12147354003215188
Secret Independence =  0.4948522089827704
fidelity error =  0.12115253307247444
Secret Independence =  0.4948352433078792
fidelity error =  0.12114669773953603
Secret Independence =  0.4947669932561381
fidelity error =  0.12112335710641131
Secret Independence =  0.4945309502715417
fidelity error =  0.12104421907824715
Secret Independence =  0.49451253809920315
fidelity error =  0.12103823015506847
Secret Independence =  0.4945058530903662
fidelity error =  0.12103605912364361
Secret Independence =  0.4944873368478501
fidelity error =  0.12103007240742991
Secret Independence =  0.49441284913823963
fidelity error =  0.12100612640688399
Secret Independence =  0.49410813891272737
fidelity error =  0.12091035661117791
Secret Independence =  0.4927814457652202
fidelity error =  0.12052752888889806
Secret Independence =  0.49224675335716034
fidelity error =  0.12038593520894024
Secret Independence =  0.49221794518435513
fidelity error =  0.12037904016535057
Secret Independence =  0.4921020524191789
fidelity error =  0.12035146170033442
Secret Independence =  0.49162793051745823
fidelity error =  0.12024117585082669
Secret Independence =  0.49111887696255196
fidelity error =  0.12012694898351103
Secret Independence =  0.49108493263286274
fidelity error =  0.12011969271707335
Secret Independence =  0.49094837853896534
fidelity error =  0.12009066961996744
Secret Independence =  0.4907608243529219
fidelity error =  0.12005123524946773
Secret Independence =  0.49072525563425334
fidelity error =  0.12004387829451757
Secret Independence =  0.4905821671486372
fidelity error =  0.1200144524576558
Secret Independence =  0.4905428646474977
fidelity error =  0.1200064170604562
Secret Independence =  0.4905063521894987
fidelity error =  0.11999899550660177
Secret Independence =  0.4903594683210021
fidelity error =  0.11996931129523228
Secret Independence =  0.48975860457651715
fidelity error =  0.1198506074041677
Secret Independence =  0.48933067998534474
fidelity error =  0.11976855979584444
Secret Independence =  0.48928868471254106
fidelity error =  0.11976081539974662
Secret Independence =  0.4891197471782836
fidelity error =  0.11972984044914955
Secret Independence =  0.4890470659965054
fidelity error =  0.1197166011078304
Secret Independence =  0.4890038067824372
fidelity error =  0.11970877883571476
Secret Independence =  0.48882978603329463
fidelity error =  0.1196774926766239
Secret Independence =  0.48879880075074583
fidelity error =  0.11967195199885355
Secret Independence =  0.4887544718106809
fidelity error =  0.11966406537156814
Secret Independence =  0.48857614945107314
fidelity error =  0.11963252183766124
Secret Independence =  0.4883986756203243
fidelity error =  0.11960141204399996
Secret Independence =  0.4883525757349923
fidelity error =  0.11959342402551063
Secret Independence =  0.48816713123625266
fidelity error =  0.11956147476592019
Secret Independence =  0.48742584958351065
fidelity error =  0.11943656955504448
Secret Independence =  0.48737537610256654
fidelity error =  0.11942834942109032
Secret Independence =  0.4871723415118329
fidelity error =  0.11939547228841071
Secret Independence =  0.48634198305196674
fidelity error =  0.11926401955244653
Secret Independence =  0.4854277294249023
fidelity error =  0.11912443017021114
Secret Independence =  0.48536832939826746
fidelity error =  0.11911578923213037
Secret Independence =  0.48530878325295757
fidelity error =  0.11910714223836419
Secret Independence =  0.48506926455917654
fidelity error =  0.11907255861485752
Secret Independence =  0.48477226493091563
fidelity error =  0.11903010619887514
Secret Independence =  0.4847101323458124
fidelity error =  0.11902134465932235
Secret Independence =  0.4844602138427665
fidelity error =  0.11898630307134744
Secret Independence =  0.48343837471309764
fidelity error =  0.11884621160131865
Secret Independence =  0.48176813817839703
fidelity error =  0.11862719556429237
Secret Independence =  0.4816926587867068
fidelity error =  0.11861793930798589
Secret Independence =  0.4813890697232258
fidelity error =  0.11858092012957958
Secret Independence =  0.4801480360412628
fidelity error =  0.1184329392074189
Secret Independence =  0.47810088032820064
fidelity error =  0.11819947921265879
Secret Independence =  0.478009339947049
fidelity error =  0.11818968729117943
Secret Independence =  0.4776411781794808
fidelity error =  0.11815052642064475
Secret Independence =  0.4769126883973344
fidelity error =  0.11807405031308454
Secret Independence =  0.476815991950678
fidelity error =  0.11806412743838152
Secret Independence =  0.47642710229007446
fidelity error =  0.11802444305316276
Secret Independence =  0.47483799002466065
fidelity error =  0.1178658223894042
Secret Independence =  0.47467461777900166
fidelity error =  0.11784982244980777
Secret Independence =  0.4745683230350057
fidelity error =  0.11783962667373811
Secret Independence =  0.4741408523396948
fidelity error =  0.11779885158146329
Secret Independence =  0.47306323940881345
fidelity error =  0.1176976275066762
Secret Independence =  0.47295011168303946
fidelity error =  0.11768723690386063
Secret Independence =  0.472495178688941
fidelity error =  0.11764568234670499
Secret Independence =  0.4706368403881068
fidelity error =  0.11747959353961596
Secret Independence =  0.46819191447868497
fidelity error =  0.11726927376314018
Secret Independence =  0.46805825172966964
fidelity error =  0.11725838841037797
Secret Independence =  0.4675207958782992
fidelity error =  0.11721485643292265
Secret Independence =  0.4671711421356436
fidelity error =  0.11718673685875475
Secret Independence =  0.46703330828398915
fidelity error =  0.11717577659612069
Secret Independence =  0.46647909427623513
fidelity error =  0.11713194569318686
Secret Independence =  0.4659985492369279
fidelity error =  0.11709424516770701
Secret Independence =  0.4658559833300889
fidelity error =  0.11708318101550713
Secret Independence =  0.46551940035665573
fidelity error =  0.11705715414280629
Secret Independence =  0.4653749986298207
fidelity error =  0.11704603009335787
Secret Independence =  0.4647944036623231
fidelity error =  0.11700154273255138
Secret Independence =  0.46434852792541714
fidelity error =  0.11696763336074385
Secret Independence =  0.4641994014970613
fidelity error =  0.11695643050695821
Secret Independence =  0.4640885473770649
fidelity error =  0.1169481183234818
Secret Independence =  0.4639384069257698
fidelity error =  0.1169369237559881
Secret Independence =  0.4633347591741309
fidelity error =  0.11689215492588276
Secret Independence =  0.4608710483051991
fidelity error =  0.1167132360118226
Secret Independence =  0.4598232610359958
fidelity error =  0.11663889033660241
Secret Independence =  0.45965583459955006
fidelity error =  0.11662734944417412
Secret Independence =  0.4589827509180155
fidelity error =  0.11658119595881555
Secret Independence =  0.45723845900583276
fidelity error =  0.11646334101312449
Secret Independence =  0.45706085361269944
fidelity error =  0.11645160927293427
Secret Independence =  0.45634689186277066
fidelity error =  0.11640469297094239
Secret Independence =  0.4534347567942909
fidelity error =  0.11621720504190017
Secret Independence =  0.44745664512701555
fidelity error =  0.11584983933189924
Secret Independence =  0.44724089145143525
fidelity error =  0.11583753293524843
Secret Independence =  0.44637376168179405
fidelity error =  0.11578832099690003
Secret Independence =  0.4460483543423232
fidelity error =  0.11576995448133137
Secret Independence =  0.44582746991454886
fidelity error =  0.11575757594161792
Secret Independence =  0.4449397534652129
fidelity error =  0.11570807735989486
Secret Independence =  0.44491366752661926
fidelity error =  0.11570662880606458
Secret Independence =  0.4446886706198582
fidelity error =  0.11569421964707155
Secret Independence =  0.44424640456968545
fidelity error =  0.11566990002906669
Secret Independence =  0.4440191750870993
fidelity error =  0.11565744857758967
Secret Independence =  0.4431060008663788
fidelity error =  0.11560765899322813
Secret Independence =  0.440576795206871
fidelity error =  0.11547177401481097
Secret Independence =  0.4403359275262556
fidelity error =  0.11545919396082643
Secret Independence =  0.4393680242098999
fidelity error =  0.1154088909926062
Secret Independence =  0.43876560988417046
fidelity error =  0.11537778085893616
Secret Independence =  0.43851817608577376
fidelity error =  0.1153651531654906
Secret Independence =  0.4375239287862813
fidelity error =  0.11531466069679142
Secret Independence =  0.4334754308297283
fidelity error =  0.11511299400122166
Secret Independence =  0.42536830540138937
fidelity error =  0.11472629558797921
Secret Independence =  0.4250738778682464
fidelity error =  0.11471317776000672
Secret Independence =  0.42389115935536265
fidelity error =  0.11466072810938707
Secret Independence =  0.4197013369660717
fidelity error =  0.11447795813452605
Secret Independence =  0.4193881819135424
fidelity error =  0.11446463424821764
Secret Independence =  0.4181304015714147
fidelity error =  0.11441135989048243
Secret Independence =  0.41301781361258705
fidelity error =  0.11419861581797429
Secret Independence =  0.4108721892704749
fidelity error =  0.11411105792739251
Secret Independence =  0.41053097847752873
fidelity error =  0.11409749201338422
Secret Independence =  0.40916079992613136
fidelity error =  0.11404324969730842
Secret Independence =  0.4084757217992815
fidelity error =  0.11401626721756557
Secret Independence =  0.408127401712958
fidelity error =  0.11400259644468184
Secret Independence =  0.4067287566809661
fidelity error =  0.11394793305704037
Secret Independence =  0.402495617893845
fidelity error =  0.1137846612164758
Secret Independence =  0.40212939023277317
fidelity error =  0.11377083329372253
Secret Independence =  0.40065904388220636
fidelity error =  0.1137155416698238
Secret Independence =  0.399741210189521
fidelity error =  0.11368120720436992
Secret Independence =  0.3993675013135112
fidelity error =  0.11366729435498482
Secret Independence =  0.398992865793739
fidelity error =  0.11365335029777361
Secret Independence =  0.3974888824822193
fidelity error =  0.11359759263315666
Secret Independence =  0.3945311950651749
fidelity error =  0.11348894839283749
Secret Independence =  0.3941431562421281
fidelity error =  0.11347493737128936
Secret Independence =  0.3937540568467963
fidelity error =  0.11346092041820277
Secret Independence =  0.39224942497327303
fidelity error =  0.11340692168656737
Secret Independence =  0.39185513018721474
fidelity error =  0.11339290915812392
Secret Independence =  0.39162471747346217
fidelity error =  0.11338473069667025
Secret Independence =  0.3912292865131078
fidelity error =  0.11337073843014378
Secret Independence =  0.3896421288505164
fidelity error =  0.1133147949594745
Secret Independence =  0.3855033344175607
fidelity error =  0.11317050586669156
Secret Independence =  0.3850920594924824
fidelity error =  0.11315652353376884
Secret Independence =  0.38344155484667625
fidelity error =  0.11310062448963108
Secret Independence =  0.37937037481123637
fidelity error =  0.11296416728418854
Secret Independence =  0.3789440661824245
fidelity error =  0.11295021412388245
Secret Independence =  0.3785176097338919
fidelity error =  0.11293627987309623
Secret Independence =  0.37809020352707
fidelity error =  0.11292234000618559
Secret Independence =  0.37783233793553583
fidelity error =  0.11291393995092859
Secret Independence =  0.3774037382391565
fidelity error =  0.11289999817062213
Secret Independence =  0.3770513719016181
fidelity error =  0.11288855195580846
Secret Independence =  0.37662161968857183
fidelity error =  0.11287470060999175
Secret Independence =  0.3755215977721929
fidelity error =  0.11283934192710496
Secret Independence =  0.3750888704674204
fidelity error =  0.11282557383096954
Secret Independence =  0.37335273748411407
fidelity error =  0.11277054672155085
Secret Independence =  0.37307561495203456
fidelity error =  0.11276179427836319
Secret Independence =  0.37263778128305447
fidelity error =  0.1127481097794739
Secret Independence =  0.3708812726840142
fidelity error =  0.11269342053880937
Secret Independence =  0.3669712345370366
fidelity error =  0.11257286097610004
Secret Independence =  0.366519786379564
fidelity error =  0.1125592187403458
Secret Independence =  0.3647089242879147
fidelity error =  0.11250470396464035
Secret Independence =  0.3573866219193176
fidelity error =  0.11228753399366331
Secret Independence =  0.35040195374938365
fidelity error =  0.11208496919196453
Secret Independence =  0.34991564670047703
fidelity error =  0.11207145055203255
Secret Independence =  0.348665927153858
fidelity error =  0.11203679733995534
Secret Independence =  0.3481766062765023
fidelity error =  0.11202333842569259
Secret Independence =  0.3476868558558348
fidelity error =  0.11200980445885124
Secret Independence =  0.3457232154309235
fidelity error =  0.1119557266201885
Secret Independence =  0.34507397697273995
fidelity error =  0.11193791173274878
Secret Independence =  0.3445790192920233
fidelity error =  0.11192440622729184
Secret Independence =  0.34259464864381417
fidelity error =  0.11187044278379123
Secret Independence =  0.33458723943803825
fidelity error =  0.11165555191226414
Secret Independence =  0.33447386411660274
fidelity error =  0.11165254118699913
Secret Independence =  0.33396046325816503
fidelity error =  0.1116391445850563
Secret Independence =  0.3319026594433747
fidelity error =  0.11158561932143624
Secret Independence =  0.3303020226851284
fidelity error =  0.11154417181912793
Secret Independence =  0.3297828461366731
fidelity error =  0.11153093357281092
Secret Independence =  0.32770210572722464
fidelity error =  0.11147804586400689
Secret Independence =  0.3258782854437787
fidelity error =  0.11143190677280519
Secret Independence =  0.3253524425124123
fidelity error =  0.11141877349629292
Secret Independence =  0.3246715473812204
fidelity error =  0.11140179203560865
Secret Independence =  0.3241449098412341
fidelity error =  0.11138880132588666
Secret Independence =  0.3220345537845233
fidelity error =  0.11133690906491032
Secret Independence =  0.3189938136998607
fidelity error =  0.11126259430845571
Secret Independence =  0.31845976828140543
fidelity error =  0.11124970685946559
Secret Independence =  0.31632001340672633
fidelity error =  0.11119822961826126
Secret Independence =  0.3117573873078564
fidelity error =  0.11108929501233526
Secret Independence =  0.3112141464504098
fidelity error =  0.11107653685649668
Secret Independence =  0.3090379164195097
fidelity error =  0.1110255779280964
Secret Independence =  0.3084079571908435
fidelity error =  0.11101087120902893
Secret Independence =  0.30786129018470865
fidelity error =  0.11099808565747343
Secret Independence =  0.3056715081012781
fidelity error =  0.1109470151703401
Secret Independence =  0.30356352263818726
fidelity error =  0.1108980679149482
Secret Independence =  0.30301183662648473
fidelity error =  0.11088532421647954
Secret Independence =  0.30080219986143064
fidelity error =  0.11083442097436061
Secret Independence =  0.2919207410149059
fidelity error =  0.11063198215527043
Secret Independence =  0.2915955698814674
fidelity error =  0.11062463407394493
Secret Independence =  0.29103305207562813
fidelity error =  0.11061204840306824
Secret Independence =  0.28931304123081725
fidelity error =  0.1105736417778876
Secret Independence =  0.28874972518435255
fidelity error =  0.11056122986601882
Secret Independence =  0.28649427038604314
fidelity error =  0.11051165734635568
Secret Independence =  0.28549833506116523
fidelity error =  0.11048982994354668
Secret Independence =  0.2849328344263827
fidelity error =  0.11047750635866266
Secret Independence =  0.28486328162141134
fidelity error =  0.1104759914655037
Secret Independence =  0.28429743376787187
fidelity error =  0.11046373411723469
Secret Independence =  0.283731863771181
fidelity error =  0.11045148952842292
Secret Independence =  0.28146765217392755
fidelity error =  0.11040258659709253
Secret Independence =  0.278556244128266
fidelity error =  0.11033997693176165
Secret Independence =  0.2779875423706326
fidelity error =  0.11032777027658155
Secret Independence =  0.27571109955656337
fidelity error =  0.11027901750696918
Secret Independence =  0.2725202315082942
fidelity error =  0.11021096999767144
Secret Independence =  0.2719483189296221
fidelity error =  0.11019894667598767
Secret Independence =  0.2716608415188545
fidelity error =  0.11019290692622316
Secret Independence =  0.27108865722649644
fidelity error =  0.1101808960873086
Secret Independence =  0.2687986451310104
fidelity error =  0.11013292690442751
Secret Independence =  0.2680769396163418
fidelity error =  0.11011784239611494
Secret Independence =  0.2675037812690378
fidelity error =  0.11010590019780231
Secret Independence =  0.26521006168242556
fidelity error =  0.11005820570872164
Secret Independence =  0.26230480901738495
fidelity error =  0.10999801452984125
Secret Independence =  0.26173024378562554
fidelity error =  0.10998620492869594
Secret Independence =  0.259431203277695
fidelity error =  0.109939041153098
Secret Independence =  0.25333400643375115
fidelity error =  0.10981464555805118
Secret Independence =  0.25275832119624575
fidelity error =  0.10980308772769079
Secret Independence =  0.2518917043350638
fidelity error =  0.10978570444129471
Secret Independence =  0.25131620811382255
fidelity error =  0.10977424487375373
Secret Independence =  0.2490140031070958
fidelity error =  0.10972848335421727
Secret Independence =  0.24837550304312817
fidelity error =  0.10971581450169757
Secret Independence =  0.24780012670677884
fidelity error =  0.10970452497854205
Secret Independence =  0.24549858863838733
fidelity error =  0.10965944508425178
Secret Independence =  0.2362955814524461
fidelity error =  0.10948040810217957
Secret Independence =  0.2338861347109774
fidelity error =  0.10943384520604622
Secret Independence =  0.48573239885259367
fidelity error =  0.12292810467864268
Secret Independence =  0.026548588875317955
fidelity error =  0.10638549202833726
Secret Independence =  0.019379163509173084
fidelity error =  0.10625334753411227
Secret Independence =  0.0008451419885978678
fidelity error =  0.10582771343921688
Secret Independence =  0.00035893082640807796
fidelity error =  0.10572331348020558
Secret Independence =  5.188684248525613e-06
fidelity error =  0.10512200476182355
Secret Independence =  4.727347733057548e-06
fidelity error =  0.10472617996367256
Secret Independence =  5.285336899231862e-06
fidelity error =  0.10429067794605651
Secret Independence =  0.00016693897331195452
fidelity error =  0.07843052663872627
Secret Independence =  0.0004231780736963565
fidelity error =  0.055664044303702614
Secret Independence =  9.585805857514167e-05
fidelity error =  0.052156771769908475
Secret Independence =  1.8864211455599464e-05
fidelity error =  0.042385693822112575
Secret Independence =  0.00014242288438111311
fidelity error =  0.02686410612121927
Secret Independence =  5.6590547603768e-05
fidelity error =  0.02238064786479313
Secret Independence =  6.587341949113081e-05
fidelity error =  0.012546757209072697
Secret Independence =  8.062772182194235e-05
fidelity error =  0.0057998640455423755
Secret Independence =  2.4410307663558697e-05
fidelity error =  0.005431171625489826
Secret Independence =  1.5938884163392514e-05
fidelity error =  0.004682599930384906
Secret Independence =  1.1926077806799758e-05
fidelity error =  0.0035425820089792287
Secret Independence =  1.561701950984081e-05
fidelity error =  0.0014492569766122324
Secret Independence =  3.2524723232459085e-05
fidelity error =  0.0007822539746713854
Secret Independence =  1.2965350707030273e-05
fidelity error =  0.001093178974512241
Secret Independence =  9.187637498233803e-06
fidelity error =  0.0008641378269951314
Secret Independence =  8.75524292842266e-06
fidelity error =  0.0006539204947183321
Secret Independence =  9.003519363335311e-06
fidelity error =  0.000586334543920511
Secret Independence =  8.761363303218028e-06
fidelity error =  0.000577225870447786
Secret Independence =  8.69607094423174e-06
fidelity error =  0.0005742652244169622
Secret Independence =  8.703159743772861e-06
fidelity error =  0.0005683311913332853
Secret Independence =  8.694119052413302e-06
fidelity error =  0.0005606837163109643
Secret Independence =  8.696892948793384e-06
fidelity error =  0.0005453502948834764
Secret Independence =  9.121445335853676e-06
fidelity error =  0.00038482545824193164
Secret Independence =  9.622562129002707e-06
fidelity error =  0.0002188397530732133
Secret Independence =  9.397389074458778e-06
fidelity error =  8.926394486783487e-05
Secret Independence =  8.560456257479308e-06
fidelity error =  3.2899906745939765e-05
Secret Independence =  8.42891618686566e-06
fidelity error =  7.69354758219662e-06
Secret Independence =  8.339737985219797e-06
fidelity error =  6.703667407384114e-06
Secret Independence =  8.30607111737512e-06
fidelity error =  6.0674530619635845e-06
Secret Independence =  8.30681416772858e-06
fidelity error =  5.921374235341749e-06
Saved → /users/home/gustiani/VeriPulse/data/GRAPE_AVG_p100_det0.00_err0.00-lam0.100-1.json
Secret Independence =  0.48480043377710685
fidelity error =  0.13798885846853584
Secret Independence =  0.484745921521179
fidelity error =  0.13800483682601405
Secret Independence =  0.4846911834561662
fidelity error =  0.13802083289988143
Secret Independence =  0.48447110188797343
fidelity error =  0.13808481957582716
Secret Independence =  0.48357273566739023
fidelity error =  0.1383408009110484
Secret Independence =  0.48090827251199064
fidelity error =  0.1390567925270465
Secret Independence =  0.4808377170408231
fidelity error =  0.1390739098717014
Secret Independence =  0.4808331763851401
fidelity error =  0.13907501027372088
Secret Independence =  0.48076236861150073
fidelity error =  0.13909215696373994
Secret Independence =  0.4804776736305134
fidelity error =  0.1391607479854256
Secret Independence =  0.4793155209562845
fidelity error =  0.13943517544493939
Secret Independence =  0.4790453832150309
fidelity error =  0.1394977450562523
Secret Independence =  0.4789672064616286
fidelity error =  0.13951530822214442
Secret Independence =  0.47865288347188994
fidelity error =  0.13958556599503397
Secret Independence =  0.47831542893514195
fidelity error =  0.1396603684260299
Secret Independence =  0.47823430249911936
fidelity error =  0.1396781086337638
Secret Independence =  0.47790812199810284
fidelity error =  0.13974907501602002
Secret Independence =  0.47749833873965675
fidelity error =  0.13983742905130997
Secret Independence =  0.4774139401040386
fidelity error =  0.13985534318364073
Secret Independence =  0.47716585034945125
fidelity error =  0.13990779273346743
Secret Independence =  0.4770802476476661
fidelity error =  0.13992578066088096
Secret Independence =  0.47699430626763095
fidelity error =  0.13994378639259875
Secret Independence =  0.4769080158417289
fidelity error =  0.13996180591665847
Secret Independence =  0.4765610826171043
fidelity error =  0.1400338888357528
Secret Independence =  0.4751450799276788
fidelity error =  0.14032229151167663
Secret Independence =  0.47478534044195003
fidelity error =  0.1403941481050336
Secret Independence =  0.4746899858418553
fidelity error =  0.14041263507480417
Secret Independence =  0.4743066148593876
fidelity error =  0.14048658856602006
Secret Independence =  0.472741981454573
fidelity error =  0.14078248530672835
Secret Independence =  0.47176714902471806
fidelity error =  0.14096231517161809
Secret Independence =  0.4716595721491926
fidelity error =  0.1409813733449195
Secret Independence =  0.47122707521660495
fidelity error =  0.14105761235081515
Secret Independence =  0.47043507188838896
fidelity error =  0.14119568009346306
Secret Independence =  0.470322206766961
fidelity error =  0.14121497759909246
Secret Independence =  0.4698684584777267
fidelity error =  0.14129217456728216
Secret Independence =  0.4696216659747766
fidelity error =  0.14133390731436524
Secret Independence =  0.46950552872422796
fidelity error =  0.14135330685538747
Secret Independence =  0.46903862916919
fidelity error =  0.14143091227955334
Secret Independence =  0.46713356029150144
fidelity error =  0.14174144115707848
Secret Independence =  0.46699304361769656
fidelity error =  0.14176397295430573
Secret Independence =  0.4668662881063805
fidelity error =  0.14178379970532953
Secret Independence =  0.466356715753401
fidelity error =  0.14186311501979842
Secret Independence =  0.46427778719874346
fidelity error =  0.14218049916983955
Secret Independence =  0.46389239385711634
fidelity error =  0.14223829220871498
Secret Independence =  0.46375323447610683
fidelity error =  0.14225862087610233
Secret Independence =  0.4631938201189961
fidelity error =  0.14233994553164014
Secret Independence =  0.46091193432270816
fidelity error =  0.14266539251553664
Secret Independence =  0.46015692615179615
fidelity error =  0.14277096466979844
Secret Independence =  0.4600029721162026
fidelity error =  0.14279176313369982
Secret Independence =  0.4597610732450665
fidelity error =  0.14282436225578354
Secret Independence =  0.45960569903399806
fidelity error =  0.14284521797966032
Secret Independence =  0.458981141055522
fidelity error =  0.14292865303412194
Secret Independence =  0.45643418329782776
fidelity error =  0.1432625745958287
Secret Independence =  0.456086472043487
fidelity error =  0.14330740843141798
Secret Independence =  0.4559168899623696
fidelity error =  0.14332873607159716
Secret Independence =  0.45523526383869706
fidelity error =  0.14341406074925708
Secret Independence =  0.4541595545386643
fidelity error =  0.14354744113838203
Secret Independence =  0.4539826461822301
fidelity error =  0.14356900777174636
Secret Independence =  0.4538773387681294
fidelity error =  0.1435818266300491
Secret Independence =  0.4536995695217784
fidelity error =  0.1436034168303804
Secret Independence =  0.4529850695794151
fidelity error =  0.14368979215392486
Secret Independence =  0.4512024462557897
fidelity error =  0.1439025760812397
Secret Independence =  0.45101445774520355
fidelity error =  0.14392442343150183
Secret Independence =  0.4502811971355255
fidelity error =  0.1440092601181749
Secret Independence =  0.45008976331872597
fidelity error =  0.14403123961232767
Secret Independence =  0.44984176894703076
fidelity error =  0.14405965360972567
Secret Independence =  0.44964891352907205
fidelity error =  0.14408166974496636
Secret Independence =  0.4494841477364133
fidelity error =  0.14410044748631323
Secret Independence =  0.44929020616556387
fidelity error =  0.14412248896593305
Secret Independence =  0.4485107794044639
fidelity error =  0.14421066915834801
Secret Independence =  0.44827921703428686
fidelity error =  0.14423674450676016
Secret Independence =  0.4480807517567509
fidelity error =  0.14425889222798124
Secret Independence =  0.44728316124179285
fidelity error =  0.14434749809410738
Secret Independence =  0.44680970642685996
fidelity error =  0.14439979579994636
Secret Independence =  0.44660579415039814
fidelity error =  0.14442212830923176
Secret Independence =  0.44600847941714894
fidelity error =  0.14448731685809157
Secret Independence =  0.4458017709234915
fidelity error =  0.1445097342355592
Secret Independence =  0.4449710909431508
fidelity error =  0.1445994210065714
Secret Independence =  0.4444933290242637
fidelity error =  0.14465071824313222
Secret Independence =  0.44428102619649446
fidelity error =  0.1446732415039285
Secret Independence =  0.4434278871076107
fidelity error =  0.14476335260474057
Secret Independence =  0.4399529653816013
fidelity error =  0.14512406584190354
Secret Independence =  0.43189963898226114
fidelity error =  0.14592509735592105
Secret Independence =  0.43164226334463013
fidelity error =  0.14594875335073693
Secret Independence =  0.43141184717457015
fidelity error =  0.14596989815591194
Secret Independence =  0.43115300560434594
fidelity error =  0.14599360054588145
Secret Independence =  0.43011312264022866
fidelity error =  0.1460884325395006
Secret Independence =  0.4258820466390895
fidelity error =  0.14646809277158424
Secret Independence =  0.4217615639001717
fidelity error =  0.14682891559860106
Secret Independence =  0.42147012736538236
fidelity error =  0.14685333698485026
Secret Independence =  0.4202995311755285
fidelity error =  0.14695104738659287
Secret Independence =  0.4201538583179194
fidelity error =  0.14696316451227276
Secret Independence =  0.4198571628757264
fidelity error =  0.14698763223804998
Secret Independence =  0.4186654830055579
fidelity error =  0.14708552893037785
Secret Independence =  0.41845513336534973
fidelity error =  0.14710274702598392
Secret Independence =  0.4181529274038769
fidelity error =  0.14712726277160817
Secret Independence =  0.4169391573322933
fidelity error =  0.1472253523207803
Secret Independence =  0.4143960191156409
fidelity error =  0.14742897869441351
Secret Independence =  0.4140810559033365
fidelity error =  0.1474537639298491
Secret Independence =  0.4128161629815895
fidelity error =  0.14755293323318927
Secret Independence =  0.4076770350334861
fidelity error =  0.14795002909898564
Secret Independence =  0.4055768560016917
fidelity error =  0.14810975489952144
Secret Independence =  0.40523474539565624
fidelity error =  0.14813502911625176
Secret Independence =  0.40386109230362227
fidelity error =  0.14823615598939702
Secret Independence =  0.39828439544836736
fidelity error =  0.14864110394989227
Secret Independence =  0.39705019082432774
fidelity error =  0.1487295637926626
Secret Independence =  0.39668317273510334
fidelity error =  0.1487552760450695
Secret Independence =  0.39608537315210435
fidelity error =  0.14879708330797634
Secret Independence =  0.39571589785118255
fidelity error =  0.14882286105670894
Secret Independence =  0.3942326872237082
fidelity error =  0.1489260045893523
Secret Independence =  0.38837939808753585
fidelity error =  0.14932797254902774
Secret Independence =  0.38798876537470695
fidelity error =  0.14935407277365817
Secret Independence =  0.3864208929431935
fidelity error =  0.14945850651703652
Secret Independence =  0.3846476934589868
fidelity error =  0.14957600300816098
Secret Independence =  0.3842469669260426
fidelity error =  0.14960222909487456
Secret Independence =  0.38263871240997055
fidelity error =  0.14970716702268977
Secret Independence =  0.37612190079731017
fidelity error =  0.15012740550826426
Secret Independence =  0.37386517839278544
fidelity error =  0.1502711566998894
Secret Independence =  0.37343735803875394
fidelity error =  0.15029776938265096
Secret Independence =  0.37172079844191896
fidelity error =  0.1504042503184988
Secret Independence =  0.3688946839100764
fidelity error =  0.15057854174408786
Secret Independence =  0.3684552146178833
fidelity error =  0.1506053656756366
Secret Independence =  0.36669211839885585
fidelity error =  0.1507126938560599
Secret Independence =  0.3616153503588896
fidelity error =  0.15101926227240584
Secret Independence =  0.36115910827036546
fidelity error =  0.15104625287687218
Secret Independence =  0.3607018950670987
fidelity error =  0.15107321764062798
Secret Independence =  0.3604869785324732
fidelity error =  0.15108588335662249
Secret Independence =  0.36002861992624513
fidelity error =  0.1511129143490369
Secret Independence =  0.35956926711157083
fidelity error =  0.15113996614947958
Secret Independence =  0.35944543485066366
fidelity error =  0.1511472542480216
Secret Independence =  0.3589851394693121
fidelity error =  0.15117439019761125
Secret Independence =  0.3571388923569731
fidelity error =  0.15128297169426674
Secret Independence =  0.35522185683646024
fidelity error =  0.1513952821327616
Secret Independence =  0.35475286754666985
fidelity error =  0.15142250804839338
Secret Independence =  0.3542834970549398
fidelity error =  0.15144970892861498
Secret Independence =  0.35381326243100647
fidelity error =  0.15147691673756886
Secret Independence =  0.3519273839800737
fidelity error =  0.15158578434347922
Secret Independence =  0.35071951773702303
fidelity error =  0.15165530507967415
Secret Independence =  0.35024190309319275
fidelity error =  0.1516825953549989
Secret Independence =  0.3497634277916658
fidelity error =  0.15170983730457757
Secret Independence =  0.34947112302659655
fidelity error =  0.15172646786307153
Secret Independence =  0.3489912123972568
fidelity error =  0.1517537097033923
Secret Independence =  0.34851097330396164
fidelity error =  0.15178097524772927
Secret Independence =  0.34658521439639467
fidelity error =  0.1518900754769115
Secret Independence =  0.34545987603494177
fidelity error =  0.15195365803609348
Secret Independence =  0.3449733785416114
fidelity error =  0.1519810227483374
Secret Independence =  0.3430226907222232
fidelity error =  0.15209051983740496
Secret Independence =  0.3389316813069399
fidelity error =  0.15231901436511985
Secret Independence =  0.33843292653091184
fidelity error =  0.15234650184556287
Secret Independence =  0.33643339208017187
fidelity error =  0.15245648953174626
Secret Independence =  0.3327157198972668
fidelity error =  0.1526601103320515
Secret Independence =  0.33220666515712716
fidelity error =  0.15268766624050972
Secret Independence =  0.3301661370513744
fidelity error =  0.1527979248025271
Secret Independence =  0.326645089605146
fidelity error =  0.15298745369267092
Secret Independence =  0.32612619322275427
fidelity error =  0.15301519570070488
Secret Independence =  0.3240465102300544
fidelity error =  0.1531261977169402
Secret Independence =  0.3208141598313848
fidelity error =  0.15329814844984083
Secret Independence =  0.32028707969220127
fidelity error =  0.15332601402712617
Secret Independence =  0.3181748927019793
fidelity error =  0.1534375096351606
Secret Independence =  0.31308299025107345
fidelity error =  0.15370520419596076
Secret Independence =  0.3125453975264936
fidelity error =  0.15373327843424123
Secret Independence =  0.3103914747847848
fidelity error =  0.15384560812615916
Secret Independence =  0.31038651467575584
fidelity error =  0.15384586652298052
Secret Independence =  0.30984543128078373
fidelity error =  0.15387394331822918
Secret Independence =  0.30767765973329336
fidelity error =  0.15398628284645788
Secret Independence =  0.3064503451857865
fidelity error =  0.15404978358664428
Secret Independence =  0.3059054847792805
fidelity error =  0.15407779149925127
Secret Independence =  0.3037228022295239
fidelity error =  0.15418984784949674
Secret Independence =  0.30222342777514777
fidelity error =  0.15426669477657082
Secret Independence =  0.3016736802903335
fidelity error =  0.15429472465908292
Secret Independence =  0.30078689651235657
fidelity error =  0.15433991092302937
Secret Independence =  0.3002360949644621
fidelity error =  0.154367997891947
Secret Independence =  0.2984507750773989
fidelity error =  0.1544589490126177
Secret Independence =  0.29789812173585156
fidelity error =  0.15448711583402175
Secret Independence =  0.29568464520700927
fidelity error =  0.15459980932029838
Secret Independence =  0.2942803798217444
fidelity error =  0.15467120650014046
Secret Independence =  0.29372447362189436
fidelity error =  0.15469932893215316
Secret Independence =  0.2931688941822399
fidelity error =  0.15472739950583317
Secret Independence =  0.2929641324672574
fidelity error =  0.1547377421887743
Secret Independence =  0.29240822891859714
fidelity error =  0.15476590301596077
Secret Independence =  0.2901820360154916
fidelity error =  0.15487856715952492
Secret Independence =  0.2869197503617755
fidelity error =  0.1550433582646602
Secret Independence =  0.2863597614971012
fidelity error =  0.15507140911618109
Secret Independence =  0.2841175462995382
fidelity error =  0.15518362360364968
Secret Independence =  0.28313868260806213
fidelity error =  0.15523256180602785
Secret Independence =  0.28257732027772675
fidelity error =  0.15526052388332612
Secret Independence =  0.282015689962535
fidelity error =  0.1552884992900068
Secret Independence =  0.2807455609917656
fidelity error =  0.15535173039880887
Secret Independence =  0.2801839210438824
fidelity error =  0.15537955882466775
Secret Independence =  0.27966893946912075
fidelity error =  0.15540506683683342
Secret Independence =  0.27910746230739364
fidelity error =  0.15543289837217095
Secret Independence =  0.2768597092625432
fidelity error =  0.15554422252600061
Secret Independence =  0.275443679219821
fidelity error =  0.15561427899215302
Secret Independence =  0.274879682598352
fidelity error =  0.15564201049374912
Secret Independence =  0.27262206913165465
fidelity error =  0.15575293202171447
Secret Independence =  0.2720172248328362
fidelity error =  0.15578262683379432
Secret Independence =  0.2714522437866282
fidelity error =  0.1558102842820363
Secret Independence =  0.2691908772183411
fidelity error =  0.15592090622096413
Secret Independence =  0.26442386558854647
fidelity error =  0.15615370663574535
Secret Independence =  0.26385712318952015
fidelity error =  0.15618117431316159
Secret Independence =  0.26329023354799796
fidelity error =  0.15620864011119878
Secret Independence =  0.2615502214114177
fidelity error =  0.1562929017794914
Secret Independence =  0.2609835045134343
fidelity error =  0.1563202795318095
Secret Independence =  0.258715767662158
fidelity error =  0.15642976896586272
Secret Independence =  0.2496345091499104
fidelity error =  0.15686728677691425
Secret Independence =  0.23656445348626065
fidelity error =  0.1574948009055254
Secret Independence =  0.23599584309938107
fidelity error =  0.15752181320652692
Secret Independence =  0.2337218774519144
fidelity error =  0.15762982315458765
Secret Independence =  0.23331978294766853
fidelity error =  0.15764891947562554
Secret Independence =  0.483484619541338
fidelity error =  0.1126169656309549
Secret Independence =  0.02735973226088599
fidelity error =  0.16642907747302577
Secret Independence =  0.024129429242429275
fidelity error =  0.1694815063133318
Secret Independence =  0.0011324783290008796
fidelity error =  0.1690260953982418
Secret Independence =  0.0004076171889044987
fidelity error =  0.16937641838955328
Secret Independence =  1.2832869757305147e-05
fidelity error =  0.16928747375440217
Secret Independence =  5.0489139632698986e-06
fidelity error =  0.16897675813518198
Secret Independence =  1.9698960661014295e-06
fidelity error =  0.16883441116268055
Secret Independence =  3.1280189596117706e-06
fidelity error =  0.1681568853772226
Secret Independence =  1.7316236646185014e-05
fidelity error =  0.1658569507008391
Secret Independence =  6.365068471416677e-05
fidelity error =  0.1593099439732591
Secret Independence =  0.00035981383781663823
fidelity error =  0.13303438113064472
Secret Independence =  0.0002102945890131828
fidelity error =  0.12785728335136912
Secret Independence =  0.0011541785542690149
fidelity error =  0.08597465143427932
Secret Independence =  0.00022079082760146553
fidelity error =  0.10626541234865117
Secret Independence =  0.00022390953871908003
fidelity error =  0.09394252646987813
Secret Independence =  0.00037270789147411036
fidelity error =  0.08148957966528556
Secret Independence =  0.00010479292281556619
fidelity error =  0.08864538615130357
Secret Independence =  3.364086971878692e-05
fidelity error =  0.08460910819175603
Secret Independence =  7.55997900728133e-05
fidelity error =  0.07495853031395029
Secret Independence =  0.00010417979635883804
fidelity error =  0.0642582055639745
Secret Independence =  0.0001038716853569289
fidelity error =  0.05146708075903967
Secret Independence =  0.00021098448663714751
fidelity error =  0.035530938497426535
Secret Independence =  0.00017125691121975352
fidelity error =  0.03462830895407021
Secret Independence =  3.302633107652263e-05
fidelity error =  0.03252902952701064
Secret Independence =  1.3566776499397501e-05
fidelity error =  0.031244065906780024
Secret Independence =  1.6194957803642064e-05
fidelity error =  0.02837121117227446
Secret Independence =  1.6841590764632797e-05
fidelity error =  0.02546889675446729
Secret Independence =  0.0028040060056551386
fidelity error =  0.004036005462402685
Secret Independence =  5.57548179656989e-05
fidelity error =  0.018285790064576115
Secret Independence =  0.0010913547425313685
fidelity error =  0.005722039389911633
Secret Independence =  7.867426546059904e-05
fidelity error =  0.014648522592909623
Secret Independence =  6.068005904437183e-05
fidelity error =  0.01022933622705268
Secret Independence =  1.9616576327805764e-05
fidelity error =  0.00853640374005363
Secret Independence =  9.192561257082571e-05
fidelity error =  0.004123095759659118
Secret Independence =  2.4228358958180524e-05
fidelity error =  0.0064227532765711364
Secret Independence =  4.062205230021431e-05
fidelity error =  0.003420815807295129
Secret Independence =  1.3581313024592438e-05
fidelity error =  0.003025398177440669
Secret Independence =  7.68110377104832e-06
fidelity error =  0.0028504647561194926
Secret Independence =  7.5770273875006125e-06
fidelity error =  0.002687812129013883
Secret Independence =  8.860383441680994e-06
fidelity error =  0.001933797476254696
Secret Independence =  3.790361013042937e-05
fidelity error =  0.0005596395574289966
Secret Independence =  1.3715046366641795e-05
fidelity error =  0.0010692176460154062
Secret Independence =  5.668024842251831e-05
fidelity error =  0.0004219096482670539
Secret Independence =  1.6322433436877614e-05
fidelity error =  0.0009074783770456026
Secret Independence =  5.607780169068678e-05
fidelity error =  0.0004216950698770961
Secret Independence =  1.6773271897355976e-05
fidelity error =  0.0008837636997372441
Saved → /users/home/gustiani/VeriPulse/data/GRAPE_AVG_p100_det0.00_err0.00-lam0.100-2.json
Secret Independence =  0.4913661466072239
fidelity error =  0.1293521532868005
Secret Independence =  0.4913325391127919
fidelity error =  0.12935458856413565
Secret Independence =  0.4912987735968344
fidelity error =  0.1293570204032403
Secret Independence =  0.4911629194115342
fidelity error =  0.12936674954745553
Secret Independence =  0.49060684425238726
fidelity error =  0.12940569435095522
Secret Independence =  0.48845909730618736
fidelity error =  0.12954496208934163
Secret Independence =  0.4884118708718903
fidelity error =  0.1295471328323222
Secret Independence =  0.48822185642939064
fidelity error =  0.12955581920382575
Secret Independence =  0.4878172126927487
fidelity error =  0.12957407127439752
Secret Independence =  0.4877670218421043
fidelity error =  0.12957617613629638
Secret Independence =  0.48756508233586127
fidelity error =  0.12958459904535335
Secret Independence =  0.4867385398245094
fidelity error =  0.12961834555186094
Secret Independence =  0.4843793151950861
fidelity error =  0.1297090848720105
Secret Independence =  0.4843131390786558
fidelity error =  0.12971086557209305
Secret Independence =  0.4840468950440079
fidelity error =  0.1297179942270658
Secret Independence =  0.48355623735401154
fidelity error =  0.12973098655729734
Secret Independence =  0.483486306234192
fidelity error =  0.12973268450453318
Secret Independence =  0.48320496015975134
fidelity error =  0.12973948223949222
Secret Independence =  0.4820536930442389
fidelity error =  0.12976676768028056
Secret Independence =  0.48163270457664614
fidelity error =  0.12977654456251103
Secret Independence =  0.4815538875332445
fidelity error =  0.12977803956577796
Secret Independence =  0.4812368008081933
fidelity error =  0.12978402708246628
Secret Independence =  0.48111231399347926
fidelity error =  0.12978636611894495
Secret Independence =  0.48103121433074
fidelity error =  0.12978777909662326
Secret Independence =  0.48070494922327545
fidelity error =  0.1297934385368005
Secret Independence =  0.4805998155808081
fidelity error =  0.12979525379870785
Secret Independence =  0.48051635377662094
fidelity error =  0.12979662265044667
Secret Independence =  0.4801805885908303
fidelity error =  0.1298021059684457
Secret Independence =  0.4793372762324871
fidelity error =  0.12981571738040398
Secret Independence =  0.47924809277586533
fidelity error =  0.12981697302823492
Secret Independence =  0.4788893191378984
fidelity error =  0.12982200489883752
Secret Independence =  0.47742168739701546
fidelity error =  0.12984228015392751
Secret Independence =  0.47739102378073706
fidelity error =  0.1298426987259411
Secret Independence =  0.47729303950955515
fidelity error =  0.12984378395339416
Secret Independence =  0.4768988773139099
fidelity error =  0.12984813611853224
Secret Independence =  0.4754544571080117
fidelity error =  0.1298639096872324
Secret Independence =  0.475347884398313
fidelity error =  0.1298648331596189
Secret Independence =  0.4752408599569529
fidelity error =  0.12986575285355534
Secret Independence =  0.47502787898074644
fidelity error =  0.1298675808813231
Secret Independence =  0.47491955243082173
fidelity error =  0.12986846835896632
Secret Independence =  0.474483816598244
fidelity error =  0.1298720315573731
Secret Independence =  0.47412631883021716
fidelity error =  0.12987494721010326
Secret Independence =  0.4740140800069252
fidelity error =  0.12987575068465412
Secret Independence =  0.4735626191065855
fidelity error =  0.12987897780406282
Secret Independence =  0.4732374121406131
fidelity error =  0.12988129784710878
Secret Independence =  0.4731213107736354
fidelity error =  0.12988203231503614
Secret Independence =  0.47311153316464843
fidelity error =  0.12988209416054833
Secret Independence =  0.4729950239842614
fidelity error =  0.12988281273026916
Secret Independence =  0.4725264030055423
fidelity error =  0.12988570124272578
Secret Independence =  0.47127131740007255
fidelity error =  0.12989342448921215
Secret Independence =  0.47114680703703327
fidelity error =  0.1298939832018697
Secret Independence =  0.47064602698946933
fidelity error =  0.12989623295359237
Secret Independence =  0.46859928036224696
fidelity error =  0.12990546956007978
Secret Independence =  0.4608020604994681
fidelity error =  0.12994118326639345
Secret Independence =  0.46063267409059083
fidelity error =  0.12994097934409998
Secret Independence =  0.4599515671567912
fidelity error =  0.129940187885833
Secret Independence =  0.4590533917595833
fidelity error =  0.12993921245839224
Secret Independence =  0.4588768476966509
fidelity error =  0.12993891477600059
Secret Independence =  0.4585483041694565
fidelity error =  0.1299383694848818
Secret Independence =  0.4583696779185862
fidelity error =  0.1299380558246517
Secret Independence =  0.457651458547821
fidelity error =  0.12993682840409337
Secret Independence =  0.4569847136648835
fidelity error =  0.12993573640906247
Secret Independence =  0.45679983996071494
fidelity error =  0.12993527614238412
Secret Independence =  0.4560565310738357
fidelity error =  0.12993346330992023
Secret Independence =  0.4530226830788315
fidelity error =  0.129926662875682
Secret Independence =  0.4522648694793251
fidelity error =  0.12992510686403408
Secret Independence =  0.4520609815493025
fidelity error =  0.12992434420964605
Secret Independence =  0.45124132147780616
fidelity error =  0.1299213260594528
Secret Independence =  0.4485051767550793
fidelity error =  0.12991178454546426
Secret Independence =  0.4482865118462299
fidelity error =  0.12991077925907563
Secret Independence =  0.4474075302629663
fidelity error =  0.12990679270242983
Secret Independence =  0.44425896984416485
fidelity error =  0.1298931999045475
Secret Independence =  0.4440239401014497
fidelity error =  0.1298919311677355
Secret Independence =  0.44314248735839473
fidelity error =  0.12988722735480007
Secret Independence =  0.44290342698156454
fidelity error =  0.12988589978553933
Secret Independence =  0.44194259552585435
fidelity error =  0.12988062655194035
Secret Independence =  0.4380265130879144
fidelity error =  0.1298601255782843
Secret Independence =  0.4349813864705073
fidelity error =  0.129845214178376
Secret Independence =  0.43471186844341003
fidelity error =  0.12984348164534046
Secret Independence =  0.4344416908054243
fidelity error =  0.12984178325310622
Secret Independence =  0.4333560234006928
fidelity error =  0.12983503733223972
Secret Independence =  0.4327463407227914
fidelity error =  0.12983130352097316
Secret Independence =  0.43246899628438956
fidelity error =  0.12982953548735976
Secret Independence =  0.43135458280337313
fidelity error =  0.12982251324799202
Secret Independence =  0.4268172688928802
fidelity error =  0.1297952218238005
Secret Independence =  0.41317898556661536
fidelity error =  0.1297242607020421
Secret Independence =  0.41283453804484804
fidelity error =  0.12972175092339905
Secret Independence =  0.41145115452453196
fidelity error =  0.12971178120064175
Secret Independence =  0.40987327540734336
fidelity error =  0.12970062124065465
Secret Independence =  0.4095184600036562
fidelity error =  0.12969805426107478
Secret Independence =  0.4091463014300059
fidelity error =  0.1296953741948337
Secret Independence =  0.4087895718897009
fidelity error =  0.12969270763629
Secret Independence =  0.4073570080588317
fidelity error =  0.12968211574205546
Secret Independence =  0.40611647422743635
fidelity error =  0.12967309205263122
Secret Independence =  0.40575049078603087
fidelity error =  0.12967038742345094
Secret Independence =  0.40428087676233626
fidelity error =  0.12965964832739407
Secret Independence =  0.40220384178326385
fidelity error =  0.12964479562943781
Secret Independence =  0.4018262472595935
fidelity error =  0.12964197728103521
Secret Independence =  0.4003101595519221
fidelity error =  0.12963078561073987
Secret Independence =  0.3941561198143632
fidelity error =  0.12958732523609662
Secret Independence =  0.38539603141540785
fidelity error =  0.1295305231396196
Secret Independence =  0.3849706413781412
fidelity error =  0.12952725882272595
Secret Independence =  0.3847161882062809
fidelity error =  0.12952531304615314
Secret Independence =  0.3842894233795736
fidelity error =  0.12952195010600331
Secret Independence =  0.3827332276597587
fidelity error =  0.12950980800273676
Secret Independence =  0.3823017081867267
fidelity error =  0.129506398846865
Secret Independence =  0.38159718542371046
fidelity error =  0.1295008636611864
Secret Independence =  0.38116313981872246
fidelity error =  0.1294973500290729
Secret Independence =  0.3794212810828558
fidelity error =  0.12948339432012612
Secret Independence =  0.373461752076796
fidelity error =  0.12943734671726242
Secret Independence =  0.3730076063214692
fidelity error =  0.12943362655342616
Secret Independence =  0.3716336976640555
fidelity error =  0.12942246241133495
Secret Independence =  0.37117558104914394
fidelity error =  0.12941863073752635
Secret Independence =  0.3693375810643865
fidelity error =  0.12940340823489155
Secret Independence =  0.36189946889911556
fidelity error =  0.12934418419162816
Secret Independence =  0.3538087397848634
fidelity error =  0.12928385541632442
Secret Independence =  0.3533110659786304
fidelity error =  0.12927980356137592
Secret Independence =  0.35131523390280667
fidelity error =  0.1292637158777933
Secret Independence =  0.3462627144651118
fidelity error =  0.12922412017169838
Secret Independence =  0.34575046379137186
fidelity error =  0.12922002357677637
Secret Independence =  0.3453758129023876
fidelity error =  0.12921703793279893
Secret Independence =  0.3448630338176172
fidelity error =  0.12921291376887578
Secret Independence =  0.3443497128777579
fidelity error =  0.1292088462054436
Secret Independence =  0.3422916080051476
fidelity error =  0.12919270379998343
Secret Independence =  0.3420716011159946
fidelity error =  0.12919099381829235
Secret Independence =  0.3415535321051898
fidelity error =  0.1291869944488842
Secret Independence =  0.3397458291961522
fidelity error =  0.12917317136775916
Secret Independence =  0.33922400749989046
fidelity error =  0.12916920827707334
Secret Independence =  0.33713208700432234
fidelity error =  0.12915349218739525
Secret Independence =  0.33620511943566445
fidelity error =  0.1291466150629988
Secret Independence =  0.33567758483068555
fidelity error =  0.12914254837602124
Secret Independence =  0.33356294337830633
fidelity error =  0.12912641969039357
Secret Independence =  0.328096177931299
fidelity error =  0.12908597996866294
Secret Independence =  0.32755613324550414
fidelity error =  0.1290818101769735
Secret Independence =  0.32539178075279784
fidelity error =  0.12906527103921103
Secret Independence =  0.3239643104614231
fidelity error =  0.12905451229751097
Secret Independence =  0.32341846391501355
fidelity error =  0.1290504280957134
Secret Independence =  0.32319801683371774
fidelity error =  0.12904878361452624
Secret Independence =  0.3226511815336603
fidelity error =  0.12904469907462435
Secret Independence =  0.32198605079758447
fidelity error =  0.12903975448320543
Secret Independence =  0.3214382900342165
fidelity error =  0.12903556701502203
Secret Independence =  0.31924335272837756
fidelity error =  0.1290189586138773
Secret Independence =  0.31840099330037835
fidelity error =  0.12901265694021558
Secret Independence =  0.31784867922856325
fidelity error =  0.12900855619985235
Secret Independence =  0.31563569194836893
fidelity error =  0.12899229938603274
Secret Independence =  0.3137591010947054
fidelity error =  0.12897872963216572
Secret Independence =  0.31320136983934577
fidelity error =  0.1289746144042796
Secret Independence =  0.31096693422819455
fidelity error =  0.12895830044312712
Secret Independence =  0.3081252746460516
fidelity error =  0.12893794807805092
Secret Independence =  0.307561490162653
fidelity error =  0.12893374791308548
Secret Independence =  0.3053031187272022
fidelity error =  0.12891709359605932
Secret Independence =  0.30183665219844574
fidelity error =  0.12889205433865533
Secret Independence =  0.3012666290729065
fidelity error =  0.12888798001829288
Secret Independence =  0.2990366052834862
fidelity error =  0.12887220664821503
Secret Independence =  0.2984643614410007
fidelity error =  0.12886815948613878
Secret Independence =  0.2965180640984501
fidelity error =  0.12885452434306502
Secret Independence =  0.29594415082330167
fidelity error =  0.12885046352624535
Secret Independence =  0.2953702272528549
fidelity error =  0.12884647000112256
Secret Independence =  0.29460568461339876
fidelity error =  0.12884117693813374
Secret Independence =  0.29403132116914493
fidelity error =  0.1288371728810514
Secret Independence =  0.29200721806142893
fidelity error =  0.12882319848872825
Secret Independence =  0.2914317387927735
fidelity error =  0.12881918145291096
Secret Independence =  0.2891274498916181
fidelity error =  0.12880326689854157
Secret Independence =  0.2798760902723066
fidelity error =  0.12874205917381443
Secret Independence =  0.27920400930125133
fidelity error =  0.12873777699409475
Secret Independence =  0.27861952032908033
fidelity error =  0.1287339447892893
Secret Independence =  0.2780350836700587
fidelity error =  0.12873016254950623
Secret Independence =  0.27640982264256403
fidelity error =  0.12871973527452832
Secret Independence =  0.2758246708941241
fidelity error =  0.12871603918515856
Secret Independence =  0.2754389498290625
fidelity error =  0.12871361233451106
Secret Independence =  0.27485342973181803
fidelity error =  0.12870992309214657
Secret Independence =  0.27470140752103744
fidelity error =  0.12870896807072793
Secret Independence =  0.274116172395896
fidelity error =  0.12870532222336611
Secret Independence =  0.2717738007672639
fidelity error =  0.12869090414902512
Secret Independence =  0.26244962757120066
fidelity error =  0.1286362298619756
Secret Independence =  0.2618601866159338
fidelity error =  0.12863285167748764
Secret Independence =  0.2612706113409629
fidelity error =  0.12862945587687463
Secret Independence =  0.26105648299968304
fidelity error =  0.12862822691545228
Secret Independence =  0.26046754745208567
fidelity error =  0.12862496896823294
Secret Independence =  0.2581111440543226
fidelity error =  0.1286121116478555
Secret Independence =  0.2553837122719018
fidelity error =  0.12859758351060702
Secret Independence =  0.2547937385560569
fidelity error =  0.12859438823993818
Secret Independence =  0.25341090000110045
fidelity error =  0.1285869685205216
Secret Independence =  0.2528214969076043
fidelity error =  0.12858392624922027
Secret Independence =  0.25057731953343015
fidelity error =  0.12857250698647876
Secret Independence =  0.2499883696014991
fidelity error =  0.12856960580622484
Secret Independence =  0.24833310418933754
fidelity error =  0.12856154872532288
Secret Independence =  0.24774502863460188
fidelity error =  0.12855855374023697
Secret Independence =  0.24576515320842907
fidelity error =  0.12854859995341536
Secret Independence =  0.12640968878560868
fidelity error =  0.13078293992001128
Secret Independence =  0.016744987169140017
fidelity error =  0.13075115328593712
Secret Independence =  0.003478985235035086
fidelity error =  0.13179078475180922
Secret Independence =  0.0023234984017826573
fidelity error =  0.13232300889289692
Secret Independence =  0.00041661317925547345
fidelity error =  0.13429063247390985
Secret Independence =  4.164998784472207e-05
fidelity error =  0.1351333683705561
Secret Independence =  2.457283519312775e-06
fidelity error =  0.1350826795942446
Secret Independence =  1.6955111004657143e-06
fidelity error =  0.13482828888775872
Secret Independence =  6.112879206358236e-06
fidelity error =  0.13391050420966466
Secret Independence =  2.5014747207908087e-05
fidelity error =  0.13133662535433224
Secret Independence =  8.383234284303793e-05
fidelity error =  0.1244807068464728
Secret Independence =  0.00019352840010615353
fidelity error =  0.11193597381661488
Secret Independence =  0.00024781152766747164
fidelity error =  0.09731035313290023
Secret Independence =  0.0009434114387761374
fidelity error =  0.06248649768203002
Secret Independence =  0.0003159862292712401
fidelity error =  0.07892243421186687
Secret Independence =  7.814057349255216e-05
fidelity error =  0.06002542428905039
Secret Independence =  3.487794706807609e-05
fidelity error =  0.05147851778897112
Secret Independence =  1.2879991589408565e-05
fidelity error =  0.04599234462053516
Secret Independence =  0.00023923493237283864
fidelity error =  0.028774843158544477
Secret Independence =  3.714203306726933e-05
fidelity error =  0.03704638486675586
Secret Independence =  0.00021139735130806713
fidelity error =  0.025800657239022983
Secret Independence =  8.861470627966575e-05
fidelity error =  0.03084678970884809
Secret Independence =  8.615610179143538e-05
fidelity error =  0.025834268649061208
Secret Independence =  0.00010725478910445864
fidelity error =  0.016202234874936255
Secret Independence =  8.456590993826657e-05
fidelity error =  0.01166287165605923
Secret Independence =  1.0475985792279682e-05
fidelity error =  0.010859975318459112
Secret Independence =  6.951517075890468e-06
fidelity error =  0.009956211770323105
Secret Independence =  7.671658062243125e-06
fidelity error =  0.009378477121092592
Secret Independence =  2.950851190153411e-05
fidelity error =  0.006591179186551126
Secret Independence =  1.87431931849872e-05
fidelity error =  0.0061259289746517145
Secret Independence =  1.0649811516903954e-05
fidelity error =  0.005426584364890901
Secret Independence =  6.949207900872195e-06
fidelity error =  0.004609359702467619
Secret Independence =  8.050236053767002e-06
fidelity error =  0.004127979715696378
Secret Independence =  1.4647719090783701e-05
fidelity error =  0.0036481360115820406
Secret Independence =  8.685049337638449e-06
fidelity error =  0.0038036634186961824
Secret Independence =  7.0256683443090585e-06
fidelity error =  0.0035838776857349017
Secret Independence =  6.897100419477117e-06
fidelity error =  0.003493432921586377
Secret Independence =  7.293539898624287e-06
fidelity error =  0.0033878150466806647
Secret Independence =  6.758521033240536e-06
fidelity error =  0.0033528520086338995
Secret Independence =  6.897212700973588e-06
fidelity error =  0.003223443257292644
Secret Independence =  8.644937956769151e-06
fidelity error =  0.002845755125917738
Secret Independence =  1.1085287956121506e-05
fidelity error =  0.0022238184467526516
Secret Independence =  1.5062250419213109e-05
fidelity error =  0.0014378515943950904
Secret Independence =  8.470903488794339e-06
fidelity error =  0.0010863479706184473
Secret Independence =  8.315759924919662e-06
fidelity error =  0.0008314962207497504
Secret Independence =  8.976555767333117e-06
fidelity error =  0.0005901978350593274
Secret Independence =  1.1246663824066658e-05
fidelity error =  0.00032118163860320973
Secret Independence =  8.73221102934314e-06
fidelity error =  0.0001530666205849309
Secret Independence =  7.743200245339548e-06
fidelity error =  7.68150993473802e-05
Secret Independence =  7.916271449865696e-06
fidelity error =  1.0208659201715181e-05
Secret Independence =  7.626947200719708e-06
fidelity error =  1.1211117608062867e-05
Secret Independence =  7.236600804236948e-06
fidelity error =  8.217920216059198e-06
Secret Independence =  7.20615324544755e-06
fidelity error =  7.324369510397913e-06
Secret Independence =  7.193191048850743e-06
fidelity error =  7.582477346419916e-06
Saved → /users/home/gustiani/VeriPulse/data/GRAPE_AVG_p100_det0.00_err0.00-lam0.100-3.json
Secret Independence =  0.48861621618183404
fidelity error =  0.13476189382213855
Secret Independence =  0.4885874935115734
fidelity error =  0.13478229376278952
Secret Independence =  0.4885586785801461
fidelity error =  0.13480273392140257
Secret Independence =  0.4885433224468666
fidelity error =  0.13481361330203506
Secret Independence =  0.48851442786980737
fidelity error =  0.13483408302660072
Secret Independence =  0.4883983910896036
fidelity error =  0.13491595173078158
Secret Independence =  0.48792692087165274
fidelity error =  0.1352432613592479
Secret Independence =  0.4876328462367565
fidelity error =  0.1354432864538831
Secret Independence =  0.4876010991234021
fidelity error =  0.1354649573470377
Secret Independence =  0.4874736037285117
fidelity error =  0.13555162930550635
Secret Independence =  0.48695552569927525
fidelity error =  0.13589812891978742
Secret Independence =  0.4847546397109891
fidelity error =  0.13728096299241205
Secret Independence =  0.47738969790760954
fidelity error =  0.14118688771576396
Secret Independence =  0.4773253127989112
fidelity error =  0.1412194676947986
Secret Independence =  0.47706671069790985
fidelity error =  0.14134976160978632
Secret Independence =  0.47601536497972174
fidelity error =  0.14187051425981717
Secret Independence =  0.47506158665303594
fidelity error =  0.14233120274591665
Secret Independence =  0.4749896351416597
fidelity error =  0.14236587307721033
Secret Independence =  0.47470063737765245
fidelity error =  0.14250452427969032
Secret Independence =  0.47450787095718683
fidelity error =  0.14259647608775805
Secret Independence =  0.47443407418675093
fidelity error =  0.14263164266465847
Secret Independence =  0.47413766340159014
fidelity error =  0.14277227802944836
Secret Independence =  0.4729325035036673
fidelity error =  0.14333431580983952
Secret Independence =  0.4726861681706653
fidelity error =  0.14344734307802776
Secret Independence =  0.4726063366281752
fidelity error =  0.14348404854160463
Secret Independence =  0.472285683151545
fidelity error =  0.14363083661910542
Secret Independence =  0.4709819040631687
fidelity error =  0.14421743880062
Secret Independence =  0.4673640093375997
fidelity error =  0.1457677894627087
Secret Independence =  0.4672664462541771
fidelity error =  0.1458087552083829
Secret Independence =  0.46687456202867733
fidelity error =  0.14597257576576772
Secret Independence =  0.4661196151478914
fidelity error =  0.14628495697857063
Secret Independence =  0.4660180540099933
fidelity error =  0.14632679589548456
Secret Independence =  0.4656101111586351
fidelity error =  0.14649410619930814
Secret Independence =  0.46498865726613614
fidelity error =  0.14674673589590337
Secret Independence =  0.4648834083537834
fidelity error =  0.1467893354812073
Secret Independence =  0.46446065266211056
fidelity error =  0.14695968648594315
Secret Independence =  0.4642623433647681
fidelity error =  0.1470391819024092
Secret Independence =  0.4641546643852878
fidelity error =  0.14708230362444433
Secret Independence =  0.4639744714831095
fidelity error =  0.14715429303907954
Secret Independence =  0.46386600510045894
fidelity error =  0.14719759396547644
Secret Independence =  0.4634303255277265
fidelity error =  0.14737074965293012
Secret Independence =  0.4634205728429207
fidelity error =  0.1473746117205312
Secret Independence =  0.4633103118496668
fidelity error =  0.14741829820388982
Secret Independence =  0.46293310956905276
fidelity error =  0.14756716414123255
Secret Independence =  0.4628213003796175
fidelity error =  0.14761120563267438
Secret Independence =  0.4623721945896919
fidelity error =  0.14778732218379836
Secret Independence =  0.4623509809349473
fidelity error =  0.14779561027767524
Secret Independence =  0.46223723067377226
fidelity error =  0.14784005518976404
Secret Independence =  0.46178032845586436
fidelity error =  0.14801778429578646
Secret Independence =  0.4599224339523962
fidelity error =  0.1487278752665443
Secret Independence =  0.4589605686832826
fidelity error =  0.14908793512234286
Secret Independence =  0.45883568544386244
fidelity error =  0.1491346013492404
Secret Independence =  0.4583340674981865
fidelity error =  0.1493212083977171
Secret Independence =  0.458164420578408
fidelity error =  0.14938401895806452
Secret Independence =  0.4580369387023597
fidelity error =  0.14943121820966693
Secret Independence =  0.45752488220234977
fidelity error =  0.14961995631959235
Secret Independence =  0.45604819426279875
fidelity error =  0.1501568695126591
Secret Independence =  0.4559138035876956
fidelity error =  0.15020532750551355
Secret Independence =  0.4557789739528314
fidelity error =  0.15025386626931309
Secret Independence =  0.4552374082474361
fidelity error =  0.15044795833513924
Secret Independence =  0.4545243742178632
fidelity error =  0.15070141245303537
Secret Independence =  0.4543850994559318
fidelity error =  0.15075079003606867
Secret Independence =  0.4538256803995523
fidelity error =  0.1509482359086521
Secret Independence =  0.4534459499044755
fidelity error =  0.15108146293608576
Secret Independence =  0.45330315274779076
fidelity error =  0.1511315132851499
Secret Independence =  0.45316485982429844
fidelity error =  0.15117989931049472
Secret Independence =  0.4530212801460486
fidelity error =  0.1512300321992277
Secret Independence =  0.4524445721567166
fidelity error =  0.15143049714622434
Secret Independence =  0.4504694766565386
fidelity error =  0.15210647148373052
Secret Independence =  0.45031717575014624
fidelity error =  0.1521581113021151
Secret Independence =  0.4502769478474597
fidelity error =  0.15217173563679326
Secret Independence =  0.4501241446173957
fidelity error =  0.1522234015202504
Secret Independence =  0.4495103989826231
fidelity error =  0.15242999128656987
Secret Independence =  0.4493491152704719
fidelity error =  0.15248403572675479
Secret Independence =  0.44919332527673983
fidelity error =  0.1525362184759238
Secret Independence =  0.4490615703611607
fidelity error =  0.15258027736597604
Secret Independence =  0.4489051026050699
fidelity error =  0.1526325318061848
Secret Independence =  0.44827664750024476
fidelity error =  0.15284147186948888
Secret Independence =  0.4470109737254846
fidelity error =  0.15325779945794527
Secret Independence =  0.4468478051162499
fidelity error =  0.1533112100112852
Secret Independence =  0.44643947750181634
fidelity error =  0.15344444952758435
Secret Independence =  0.4462745904851077
fidelity error =  0.15349807955099665
Secret Independence =  0.4456123307773677
fidelity error =  0.15371251672556516
Secret Independence =  0.44499904978801
fidelity error =  0.1539097382848177
Secret Independence =  0.44482973687504684
fidelity error =  0.15396404056398008
Secret Independence =  0.44464066700817706
fidelity error =  0.15402456400354958
Secret Independence =  0.4444703491447538
fidelity error =  0.1540789620366304
Secret Independence =  0.44386764652211097
fidelity error =  0.15427067880862025
Secret Independence =  0.4436949704153659
fidelity error =  0.1543253870348421
Secret Independence =  0.4430635738685202
fidelity error =  0.15452459824011683
Secret Independence =  0.4428883978738665
fidelity error =  0.1545796401543539
Secret Independence =  0.4421848403126528
fidelity error =  0.15479971605403625
Secret Independence =  0.44011803723745324
fidelity error =  0.15543733566986057
Secret Independence =  0.43993348441242847
fidelity error =  0.15549383505630343
Secret Independence =  0.43919227953705403
fidelity error =  0.15571973512567228
Secret Independence =  0.4389706234962623
fidelity error =  0.15578697828376364
Secret Independence =  0.4387823500707704
fidelity error =  0.15584404440253133
Secret Independence =  0.4380262090225341
fidelity error =  0.15607220845175596
Secret Independence =  0.43495322987946405
fidelity error =  0.1569832212362939
Secret Independence =  0.43103912502107483
fidelity error =  0.15810836639959108
Secret Independence =  0.43082559383381425
fidelity error =  0.15816896683000675
Secret Independence =  0.42996807080204175
fidelity error =  0.15841124698630688
Secret Independence =  0.4281109893009475
fidelity error =  0.15893011975215368
Secret Independence =  0.4278881559847716
fidelity error =  0.1589919749235682
Secret Independence =  0.4269933019580463
fidelity error =  0.15923926571649105
Secret Independence =  0.4233580360971777
fidelity error =  0.16022630257811146
Secret Independence =  0.42251454982933623
fidelity error =  0.16045145985652376
Secret Independence =  0.42227453588897035
fidelity error =  0.16051545336266176
Secret Independence =  0.42155232886679284
fidelity error =  0.1607073253712314
Secret Independence =  0.42130955302393386
fidelity error =  0.1607715863908698
Secret Independence =  0.42063350575916325
fidelity error =  0.16094993074597824
Secret Independence =  0.42038790753634403
fidelity error =  0.16101450565260594
Secret Independence =  0.41940172406044407
fidelity error =  0.1612726522585708
Secret Independence =  0.41687029770232675
fidelity error =  0.16192708352867935
Secret Independence =  0.4166131470611798
fidelity error =  0.1619930474341606
Secret Independence =  0.4155806225411224
fidelity error =  0.16225673840436006
Secret Independence =  0.4146701697770423
fidelity error =  0.16248772228780228
Secret Independence =  0.41440655707381463
fidelity error =  0.16255435613943264
Secret Independence =  0.41334811629700435
fidelity error =  0.16282072009227408
Secret Independence =  0.40905119875039675
fidelity error =  0.16388337001282888
Secret Independence =  0.40623968065803845
fidelity error =  0.16456326496359858
Secret Independence =  0.4059511181837292
fidelity error =  0.16463266411226277
Secret Independence =  0.40479262584284087
fidelity error =  0.164910062493733
Secret Independence =  0.4029855341005016
fidelity error =  0.165338947256766
Secret Independence =  0.4026876650166924
fidelity error =  0.16540933561424953
Secret Independence =  0.4014918602627684
fidelity error =  0.16569068093719008
Secret Independence =  0.39820831434244564
fidelity error =  0.16645336508716896
Secret Independence =  0.3978968730343083
fidelity error =  0.16652502954302228
Secret Independence =  0.3966466709987406
fidelity error =  0.16681146215052933
Secret Independence =  0.39510657875958244
fidelity error =  0.16716161536672902
Secret Independence =  0.3947868312161122
fidelity error =  0.16723398979452225
Secret Independence =  0.39361470798313014
fidelity error =  0.16749823163180036
Secret Independence =  0.39329092152732653
fidelity error =  0.16757098143489174
Secret Independence =  0.39199126087497593
fidelity error =  0.16786173807697824
Secret Independence =  0.39125916046733955
fidelity error =  0.16802464657907867
Secret Independence =  0.3909288652314404
fidelity error =  0.168098022023542
Secret Independence =  0.390314867175545
fidelity error =  0.16823408734990267
Secret Independence =  0.389982165568602
fidelity error =  0.1683077009990932
Secret Independence =  0.38864679330534246
fidelity error =  0.16860190081552462
Secret Independence =  0.387545065865677
fidelity error =  0.16884312246188654
Secret Independence =  0.3872050151070904
fidelity error =  0.16891741291339774
Secret Independence =  0.38711475950466934
fidelity error =  0.16893710958456398
Secret Independence =  0.38677359776986514
fidelity error =  0.1690115066867862
Secret Independence =  0.3854043369400411
fidelity error =  0.16930882972140737
Secret Independence =  0.38537384231208266
fidelity error =  0.16931542839135363
Secret Independence =  0.38502844187877805
fidelity error =  0.169390093526763
Secret Independence =  0.38364222044181057
fidelity error =  0.16968848279445448
Secret Independence =  0.38193237038125527
fidelity error =  0.17005378072312416
Secret Independence =  0.38157784881203677
fidelity error =  0.17012922613620138
Secret Independence =  0.38015510447727485
fidelity error =  0.17043072268411721
Secret Independence =  0.37602402442355676
fidelity error =  0.17129488591354786
Secret Independence =  0.3756547063172111
fidelity error =  0.17137142400041222
Secret Independence =  0.37554014634481814
fidelity error =  0.17139513949853977
Secret Independence =  0.37517018463409524
fidelity error =  0.17147160514284604
Secret Independence =  0.3736856599229404
fidelity error =  0.17177715649487085
Secret Independence =  0.37221172027687943
fidelity error =  0.1720785350440464
Secret Independence =  0.3718341489727698
fidelity error =  0.17215546092117184
Secret Independence =  0.3714556862512407
fidelity error =  0.17223245204873597
Secret Independence =  0.3705439877920571
fidelity error =  0.17241739661319921
Secret Independence =  0.3701625207581275
fidelity error =  0.17249460572075676
Secret Independence =  0.3697181819979609
fidelity error =  0.17258437915936098
Secret Independence =  0.36933482866763395
fidelity error =  0.17266170287379262
Secret Independence =  0.36779673997312956
fidelity error =  0.17297066310266748
Secret Independence =  0.3667144402432956
fidelity error =  0.17318685740224848
Secret Independence =  0.3663243909072301
fidelity error =  0.1732645342848195
Secret Independence =  0.3659609867110373
fidelity error =  0.17333679032567106
Secret Independence =  0.36556935440505206
fidelity error =  0.17341460425262462
Secret Independence =  0.36399817441881754
fidelity error =  0.1737255117197881
Secret Independence =  0.36010660473972883
fidelity error =  0.1744870213412409
Secret Independence =  0.35970189514343887
fidelity error =  0.17456558305328787
Secret Independence =  0.3592962980159107
fidelity error =  0.17464420647841117
Secret Independence =  0.3576692985486675
fidelity error =  0.17495832702325675
Secret Independence =  0.3543921964601885
fidelity error =  0.17558499958765952
Secret Independence =  0.3539751084311191
fidelity error =  0.1756642123970003
Secret Independence =  0.35289443097032497
fidelity error =  0.17586886791819395
Secret Independence =  0.3524741162556291
fidelity error =  0.17594827576756394
Secret Independence =  0.3507883089470201
fidelity error =  0.1762655058135107
Secret Independence =  0.3439741837952601
fidelity error =  0.17752787487728644
Secret Independence =  0.34343691335371307
fidelity error =  0.1776260963566939
Secret Independence =  0.3429971382637637
fidelity error =  0.17770642246545862
Secret Independence =  0.3412336149813525
fidelity error =  0.1780272855412002
Secret Independence =  0.33560107032902686
fidelity error =  0.17903906476574855
Secret Independence =  0.33514607812007025
fidelity error =  0.1791200503460138
Secret Independence =  0.33443560227292574
fidelity error =  0.17924626285513964
Secret Independence =  0.33397902728329987
fidelity error =  0.1793271639369461
Secret Independence =  0.33352205236978105
fidelity error =  0.17940795009744614
Secret Independence =  0.3330645465581905
fidelity error =  0.17948866095630156
Secret Independence =  0.33123030873166004
fidelity error =  0.17981102283167685
Secret Independence =  0.3260844236681155
fidelity error =  0.1807051819952114
Secret Independence =  0.32561416141243327
fidelity error =  0.1807863124385065
Secret Independence =  0.32509100331486945
fidelity error =  0.1808764265145527
Secret Independence =  0.32461948326908574
fidelity error =  0.18095746267742757
Secret Independence =  0.32374957877831434
fidelity error =  0.18110665008085522
Secret Independence =  0.3232762385888519
fidelity error =  0.18118760349348204
Secret Independence =  0.32311644904031217
fidelity error =  0.18121490453302133
Secret Independence =  0.3226426657207857
fidelity error =  0.18129573404716254
Secret Independence =  0.3207436065832992
fidelity error =  0.1816185300065137
Secret Independence =  0.3198645902541154
fidelity error =  0.18176730299854857
Secret Independence =  0.3193859248864005
fidelity error =  0.18184821188760783
Secret Independence =  0.3187507848820816
fidelity error =  0.18195538694100313
Secret Independence =  0.3182709853159391
fidelity error =  0.1820362928237176
Secret Independence =  0.31634800855418976
fidelity error =  0.18235937525662835
Secret Independence =  0.31077234912212126
fidelity error =  0.1832857415156045
Secret Independence =  0.31028172101398543
fidelity error =  0.1833665531008389
Secret Independence =  0.3097906159591926
fidelity error =  0.1834473161863962
Secret Independence =  0.3078227021529668
fidelity error =  0.18376979454779543
Secret Independence =  0.30750056829278605
fidelity error =  0.18382240834267904
Secret Independence =  0.30700577289063574
fidelity error =  0.18390319130540356
Secret Independence =  0.30502319325624105
fidelity error =  0.1842257393285934
Secret Independence =  0.3003576861435948
fidelity error =  0.1849777290340131
Secret Independence =  0.29985347903228543
fidelity error =  0.18505851454256345
Secret Independence =  0.29894982473521464
fidelity error =  0.1852030212294145
Secret Independence =  0.2984441535933344
fidelity error =  0.18528381436381128
Secret Independence =  0.29641838245775454
fidelity error =  0.18560636965488225
Secret Independence =  0.2956153649774704
fidelity error =  0.18573374343138274
Secret Independence =  0.2951057411671817
fidelity error =  0.18581443667401507
Secret Independence =  0.2930642881615736
fidelity error =  0.18613657941552755
Secret Independence =  0.2889052132188743
fidelity error =  0.18678754048145269
Secret Independence =  0.28838858379720983
fidelity error =  0.18686790800370673
Secret Independence =  0.2863193815083128
fidelity error =  0.18718872238950468
Secret Independence =  0.2832828428889753
fidelity error =  0.18765644954751323
Secret Independence =  0.28276135436991856
fidelity error =  0.1877364088054815
Secret Independence =  0.28268333637341614
fidelity error =  0.18774836214683333
Secret Independence =  0.2821620614387964
fidelity error =  0.18782811167990976
Secret Independence =  0.28007455257940433
fidelity error =  0.18814642997785774
Secret Independence =  0.2763061390173222
fidelity error =  0.18871688298960354
Secret Independence =  0.27578003329370837
fidelity error =  0.18879605686169254
Secret Independence =  0.275253737278142
fidelity error =  0.1888751336876186
Secret Independence =  0.27314645699155116
fidelity error =  0.18919073852232468
Secret Independence =  0.2726937077909399
fidelity error =  0.18925833530874153
Secret Independence =  0.27216536782241085
fidelity error =  0.18933708852342185
Secret Independence =  0.2700500529396122
fidelity error =  0.18965138886338517
Secret Independence =  0.2641297185847315
fidelity error =  0.1905226804908756
Secret Independence =  0.26359565426187054
fidelity error =  0.1906007304064461
Secret Independence =  0.26145784899500657
fidelity error =  0.19091218819160066
Secret Independence =  0.25874692113944925
fidelity error =  0.19130494356862093
Secret Independence =  0.2582101824511528
fidelity error =  0.1913825092612338
Secret Independence =  0.25803677863240027
fidelity error =  0.19140754813034455
Secret Independence =  0.2575005796061066
fidelity error =  0.1914850030245413
Secret Independence =  0.25604869785609163
fidelity error =  0.19169425914232713
Secret Independence =  0.25551209340863135
fidelity error =  0.19177136950516338
Secret Independence =  0.25336453956596816
fidelity error =  0.19207904691597877
Secret Independence =  0.2513019161429916
fidelity error =  0.19237317386515124
Secret Independence =  0.25076425072945285
fidelity error =  0.1924495945125682
Secret Independence =  0.24918410944680353
fidelity error =  0.1926736618985302
Secret Independence =  0.2486461449583915
fidelity error =  0.19274972362897455
Secret Independence =  0.24787399261678253
fidelity error =  0.1928587398593838
Secret Independence =  0.24733593213829902
fidelity error =  0.19293468422486548
Secret Independence =  0.24518296497366182
fidelity error =  0.19323767585037505
Secret Independence =  0.24274524105347312
fidelity error =  0.19357904460716563
Secret Independence =  0.24220647176460944
fidelity error =  0.19365423929050035
Secret Independence =  0.2413683967385897
fidelity error =  0.19377103534563478
Secret Independence =  0.24082949911247495
fidelity error =  0.19384607031729842
Secret Independence =  0.2386735167073692
fidelity error =  0.19414540843013056
Secret Independence =  0.23403156443057788
fidelity error =  0.1947853179175747
Secret Independence =  0.23349203383332437
fidelity error =  0.1948593883430595
Secret Independence =  0.23323473011918044
fidelity error =  0.194894683680137
Secret Independence =  0.23269600359986212
fidelity error =  0.1949684594370742
Secret Independence =  0.23054112801332433
fidelity error =  0.1952627404001549
Secret Independence =  0.22987505539820277
fidelity error =  0.19535343969925256
Secret Independence =  0.011225176640056142
fidelity error =  0.21985795152992205
Secret Independence =  0.006412642349449995
fidelity error =  0.22065440759595145
Secret Independence =  0.004459637860214395
fidelity error =  0.22090791016331096
Secret Independence =  0.0016055093601679794
fidelity error =  0.22138195382674827
Secret Independence =  0.0003435695971746858
fidelity error =  0.2214917318969252
Secret Independence =  0.00011426673861215049
fidelity error =  0.2213697579788626
Secret Independence =  9.445093675337754e-06
fidelity error =  0.22132214206899364
Secret Independence =  7.86207017374765e-06
fidelity error =  0.2212071070814934
Secret Independence =  9.026153647345438e-06
fidelity error =  0.22084388177987402
Secret Independence =  1.3247162886572718e-05
fidelity error =  0.22017681682239582
Secret Independence =  4.091249714266109e-05
fidelity error =  0.21683658212629475
Secret Independence =  0.00010612502731448836
fidelity error =  0.20892333174569444
Secret Independence =  0.0002813758135723755
fidelity error =  0.1881326142880171
Secret Independence =  0.0002542762987510129
fidelity error =  0.183467286903467
Secret Independence =  0.013580595523622167
fidelity error =  0.06656737414576075
Secret Independence =  0.00036977645586991164
fidelity error =  0.1611512596458866
Secret Independence =  0.0010246809257373948
fidelity error =  0.12231228792042978
Secret Independence =  0.0004447991856687239
fidelity error =  0.14386796809590094
Secret Independence =  0.00030183919744943455
fidelity error =  0.12526406795080425
Secret Independence =  0.00021014585730519367
fidelity error =  0.11666457077398205
Secret Independence =  0.0024299647009396875
fidelity error =  0.0428294160502528
Secret Independence =  0.0002776394629849514
fidelity error =  0.08164829077282744
Secret Independence =  0.0013463926418926485
fidelity error =  0.0390942341999171
Secret Independence =  0.00031781075125055425
fidelity error =  0.060484307245985997
Secret Independence =  0.00021457665868259129
fidelity error =  0.056908989206101504
Secret Independence =  0.0002471778393150898
fidelity error =  0.03561536053230087
Secret Independence =  4.377980385619114e-05
fidelity error =  0.035614898878964824
Secret Independence =  2.1789655758377545e-05
fidelity error =  0.02986766672508541
Secret Independence =  5.1177224912330854e-05
fidelity error =  0.014578196478016375
Secret Independence =  0.00014902933296372564
fidelity error =  0.006984448980049269
Secret Independence =  2.4937355515876085e-05
fidelity error =  0.0072071648299741374
Secret Independence =  9.757948685776278e-06
fidelity error =  0.006793553324391635
Secret Independence =  5.095934059778668e-06
fidelity error =  0.005935313919540972
Secret Independence =  5.161279517008246e-06
fidelity error =  0.00463974911770113
Secret Independence =  5.025287547950561e-06
fidelity error =  0.0033667454539405574
Secret Independence =  1.1178712695297359e-05
fidelity error =  0.0020390637054589164
Secret Independence =  6.8616903897751805e-06
fidelity error =  0.0016771844202618216
Secret Independence =  5.036124448260291e-06
fidelity error =  0.0014207673023194682
Secret Independence =  5.463441405457823e-06
fidelity error =  0.0011317297539839182
Secret Independence =  5.370411497608203e-06
fidelity error =  0.0008970007941168822
Secret Independence =  5.324693832532222e-06
fidelity error =  0.0008088385885803317
Secret Independence =  4.915764620296152e-06
fidelity error =  0.0008026877786777426
Secret Independence =  4.853277736312741e-06
fidelity error =  0.0007939341608013294
Secret Independence =  4.919501794241933e-06
fidelity error =  0.0007752667695419832
Secret Independence =  5.130567149251009e-06
fidelity error =  0.0007268838670480538
Secret Independence =  5.23662223098939e-06
fidelity error =  0.0006690529796692728
Secret Independence =  5.12644740356232e-06
fidelity error =  0.0006219143287822121
Secret Independence =  4.964994883638767e-06
fidelity error =  0.0005877854487857233
Secret Independence =  5.272598400605034e-06
fidelity error =  0.0004529913309942519
Secret Independence =  5.413442098104217e-06
fidelity error =  0.00035473144936213653
Secret Independence =  5.488241588234925e-06
fidelity error =  0.00020356608362172458
Secret Independence =  5.521652249704956e-06
fidelity error =  8.554282010248232e-05
Secret Independence =  5.396391021257604e-06
fidelity error =  3.15230982097641e-05
Secret Independence =  5.287500425748265e-06
fidelity error =  1.4833307481260097e-05
Secret Independence =  5.165572981961665e-06
fidelity error =  1.4767142167669146e-05
Secret Independence =  5.151601238768784e-06
fidelity error =  1.4305799213407258e-05
Secret Independence =  5.15216256885298e-06
fidelity error =  1.2801445949914484e-05
Secret Independence =  5.1663455525256695e-06
fidelity error =  1.0059442231950817e-05
Secret Independence =  5.214892731904866e-06
fidelity error =  6.493880145054756e-06
Saved → /users/home/gustiani/VeriPulse/data/GRAPE_AVG_p100_det0.00_err0.00-lam0.100-4.json
Secret Independence =  0.47661496294791933
fidelity error =  0.13119422379261775
Secret Independence =  0.4765175802609178
fidelity error =  0.13120887000571027
Secret Independence =  0.47641976031870265
fidelity error =  0.13122354877783524
Secret Independence =  0.47602629464365814
fidelity error =  0.13128225407725982
Secret Independence =  0.47441756575627736
fidelity error =  0.13151691385442443
Secret Independence =  0.4731858859170323
fidelity error =  0.1316911535027135
Secret Independence =  0.4730733404739424
fidelity error =  0.13170687077951587
Secret Independence =  0.4726206680936817
fidelity error =  0.13176972634166118
Secret Independence =  0.4717185499096703
fidelity error =  0.13189331373872015
Secret Independence =  0.4715995923981827
fidelity error =  0.13190945091114942
Secret Independence =  0.4711211429430135
fidelity error =  0.1319739841729605
Secret Independence =  0.4691655961840333
fidelity error =  0.13223186397365036
Secret Independence =  0.468176920212021
fidelity error =  0.13235886198978103
Secret Independence =  0.46804254798223244
fidelity error =  0.13237599667536065
Secret Independence =  0.4679168890367984
fidelity error =  0.13239198497801838
Secret Independence =  0.4677815038942771
fidelity error =  0.1324091950680358
Secret Independence =  0.46723702351663743
fidelity error =  0.1324780173809287
Secret Independence =  0.46634613501906913
fidelity error =  0.1325893074897569
Secret Independence =  0.4662040043254717
fidelity error =  0.13260692676697036
Secret Independence =  0.4657663352958832
fidelity error =  0.1326609331132078
Secret Independence =  0.46562172070516805
fidelity error =  0.1326787180579507
Secret Independence =  0.4655698269833259
fidelity error =  0.13268509021148056
Secret Independence =  0.46542458685851673
fidelity error =  0.13270290093077705
Secret Independence =  0.46484050462296267
fidelity error =  0.13277412249816944
Secret Independence =  0.4646087318645769
fidelity error =  0.13280220759425126
Secret Independence =  0.46445951813042974
fidelity error =  0.1328202462965853
Secret Independence =  0.46385947101608294
fidelity error =  0.13289237983086083
Secret Independence =  0.46140846315271744
fidelity error =  0.13318056458100452
Secret Independence =  0.45571474842299864
fidelity error =  0.13381453214738448
Secret Independence =  0.45552820794594795
fidelity error =  0.13383457272788424
Secret Independence =  0.45477819402270847
fidelity error =  0.13391470221149313
Secret Independence =  0.4517169089028601
fidelity error =  0.1342346822497073
Secret Independence =  0.4482504915718789
fidelity error =  0.13458435829185042
Secret Independence =  0.44803368573371105
fidelity error =  0.13460580574665165
Secret Independence =  0.447162129682998
fidelity error =  0.1346915522935913
Secret Independence =  0.4447992887571573
fidelity error =  0.13492034414996665
Secret Independence =  0.44456884263490215
fidelity error =  0.1349423488666324
Secret Independence =  0.4443376827349817
fidelity error =  0.13496440577197963
Secret Independence =  0.4434085040534539
fidelity error =  0.13505258561758993
Secret Independence =  0.43961978546302155
fidelity error =  0.13540452354280122
Secret Independence =  0.4364780481360263
fidelity error =  0.13568771908981503
Secret Independence =  0.4362158066931646
fidelity error =  0.1357110590305018
Secret Independence =  0.4351618896744624
fidelity error =  0.13580436077219293
Secret Independence =  0.4350340019981648
fidelity error =  0.1358156287904992
Secret Independence =  0.4347667036848861
fidelity error =  0.13583918401179795
Secret Independence =  0.4336925070612869
fidelity error =  0.13593334519189967
Secret Independence =  0.43331774978224413
fidelity error =  0.13596600935501432
Secret Independence =  0.4330443521884516
fidelity error =  0.13598980423716853
Secret Independence =  0.4322998157335428
fidelity error =  0.1360543516274938
Secret Independence =  0.4320230552151476
fidelity error =  0.13607828799821142
Secret Independence =  0.4310112571443032
fidelity error =  0.13616537196914053
Secret Independence =  0.4307297543549097
fidelity error =  0.13618946002162885
Secret Independence =  0.42959859483313523
fidelity error =  0.13628574905162413
Secret Independence =  0.4281100893801345
fidelity error =  0.13641125422521433
Secret Independence =  0.4278182610879436
fidelity error =  0.13643568523017988
Secret Independence =  0.42664569519973405
fidelity error =  0.1365333410058974
Secret Independence =  0.4246040512423593
fidelity error =  0.1367014839314368
Secret Independence =  0.4243001056230259
fidelity error =  0.13672636179923453
Secret Independence =  0.42410669543581386
fidelity error =  0.13674216575468892
Secret Independence =  0.4238013520470577
fidelity error =  0.1367671039128593
Secret Independence =  0.4225746132977758
fidelity error =  0.13686678541250097
Secret Independence =  0.4192419647397566
fidelity error =  0.1371336032430709
Secret Independence =  0.4189199301834202
fidelity error =  0.13715906898047792
Secret Independence =  0.41762628717170736
fidelity error =  0.13726085271186655
Secret Independence =  0.4160565140952905
fidelity error =  0.13738327818475074
Secret Independence =  0.4157238358100669
fidelity error =  0.13740908945957203
Secret Independence =  0.414387540502583
fidelity error =  0.13751225073260898
Secret Independence =  0.41396170647848807
fidelity error =  0.1375449532086268
Secret Independence =  0.4136225156929937
fidelity error =  0.13757098328705364
Secret Independence =  0.4122601376143024
fidelity error =  0.13767501676699256
Secret Independence =  0.4117573298972035
fidelity error =  0.13771320532723474
Secret Independence =  0.4114111311764842
fidelity error =  0.1377394143110405
Secret Independence =  0.4106155162419366
fidelity error =  0.1377994503428908
Secret Independence =  0.4102656931475992
fidelity error =  0.13782572235305568
Secret Independence =  0.4097269316310649
fidelity error =  0.1378660824065373
Secret Independence =  0.40937474612776736
fidelity error =  0.13789244173697363
Secret Independence =  0.4079603305424444
fidelity error =  0.13799778435594254
Secret Independence =  0.407002376388342
fidelity error =  0.1380686656833332
Secret Independence =  0.40664206162604843
fidelity error =  0.13809521767415248
Secret Independence =  0.4051951049704796
fidelity error =  0.13820132485883843
Secret Independence =  0.39931762084152506
fidelity error =  0.13862410891821494
Secret Independence =  0.39783471081982247
fidelity error =  0.13872879090654577
Secret Independence =  0.39744670914988645
fidelity error =  0.13875611304176155
Secret Independence =  0.3970579324204333
fidelity error =  0.1387834292995242
Secret Independence =  0.3962275682021851
fidelity error =  0.13884159797566525
Secret Independence =  0.39583529272814655
fidelity error =  0.13886895435488217
Secret Independence =  0.394260416656003
fidelity error =  0.13897826204469627
Secret Independence =  0.3878703086858883
fidelity error =  0.13941357160615359
Secret Independence =  0.3873241449763064
fidelity error =  0.13945019107004197
Secret Independence =  0.3869067680255168
fidelity error =  0.13947817186132022
Secret Independence =  0.38559275998526965
fidelity error =  0.13956592756320305
Secret Independence =  0.3851710820092673
fidelity error =  0.13959403268376297
Secret Independence =  0.383478616443809
fidelity error =  0.13970632548292944
Secret Independence =  0.38114848119610045
fidelity error =  0.1398596142480346
Secret Independence =  0.38071486587435655
fidelity error =  0.13988794308138533
Secret Independence =  0.37979575658497444
fidelity error =  0.1399478222058998
Secret Independence =  0.37935881524905024
fidelity error =  0.13997621776478128
Secret Independence =  0.3776053381490315
fidelity error =  0.1400896630844652
Secret Independence =  0.375293579249944
fidelity error =  0.14023800823683058
Secret Independence =  0.3748450052241781
fidelity error =  0.14026666466918342
Secret Independence =  0.3730450429671349
fidelity error =  0.14038114697588286
Secret Independence =  0.3713858028701621
fidelity error =  0.1404859737466101
Secret Independence =  0.3709281219323976
fidelity error =  0.140514836231228
Secret Independence =  0.36916333400541446
fidelity error =  0.14062566118516412
Secret Independence =  0.36870105745631154
fidelity error =  0.1406545424662236
Secret Independence =  0.36684641237295745
fidelity error =  0.14076991350157048
Secret Independence =  0.36547402187908584
fidelity error =  0.1408547771325873
Secret Independence =  0.36500335406699125
fidelity error =  0.14088385163621636
Secret Independence =  0.3631152174486687
fidelity error =  0.14099999197397745
Secret Independence =  0.3595045237875456
fidelity error =  0.14121992951252227
Secret Independence =  0.3590206310535661
fidelity error =  0.14124917136246784
Secret Independence =  0.3580467564242251
fidelity error =  0.1413078747600661
Secret Independence =  0.35756039923282545
fidelity error =  0.1413370639665681
Secret Independence =  0.3556096941859784
fidelity error =  0.14145364825793813
Secret Independence =  0.35493099223951385
fidelity error =  0.14149402945213838
Secret Independence =  0.3544385012294843
fidelity error =  0.1415233429563282
Secret Independence =  0.352463352642521
fidelity error =  0.14164042360710138
Secret Independence =  0.34791100303908606
fidelity error =  0.1419074062910028
Secret Independence =  0.3474047257255559
fidelity error =  0.14193693682909933
Secret Independence =  0.34689822656467595
fidelity error =  0.14196637674643212
Secret Independence =  0.3448672924551672
fidelity error =  0.14208395343092106
Secret Independence =  0.3443840747069012
fidelity error =  0.14211181864991712
Secret Independence =  0.3438724984163818
fidelity error =  0.14214134089293295
Secret Independence =  0.34327184348872564
fidelity error =  0.14217594433775246
Secret Independence =  0.34275845571904423
fidelity error =  0.1422054789801745
Secret Independence =  0.3407001173691575
fidelity error =  0.14232342945899562
Secret Independence =  0.33647162086173715
fidelity error =  0.142563461806551
Secret Independence =  0.33594637427448937
fidelity error =  0.14259314611736856
Secret Independence =  0.33540885789502356
fidelity error =  0.14262347715845292
Secret Independence =  0.33488220547223674
fidelity error =  0.14265311281252144
Secret Independence =  0.33397948974493485
fidelity error =  0.14270380560247053
Secret Independence =  0.33345120107863935
fidelity error =  0.14273349124687046
Secret Independence =  0.33292213355372674
fidelity error =  0.14276315406341988
Secret Independence =  0.3323926736168254
fidelity error =  0.14279279048046906
Secret Independence =  0.3318627697148049
fidelity error =  0.14282238423331473
Secret Independence =  0.3297388049809205
fidelity error =  0.14294055721747462
Secret Independence =  0.3284623338658672
fidelity error =  0.14301123895109363
Secret Independence =  0.327926783622816
fidelity error =  0.14304075460879337
Secret Independence =  0.3273905545896131
fidelity error =  0.14307025588600947
Secret Independence =  0.3252414841632526
fidelity error =  0.14318805067896445
Secret Independence =  0.32361108841427755
fidelity error =  0.14327695331090126
Secret Independence =  0.3230688775186192
fidelity error =  0.14330640228925584
Secret Independence =  0.3208960697857165
fidelity error =  0.14342397905916301
Secret Independence =  0.3136381091679213
fidelity error =  0.14381183009945142
Secret Independence =  0.3130828447338427
fidelity error =  0.14384136130575986
Secret Independence =  0.3108582764617821
fidelity error =  0.1439592585607788
Secret Independence =  0.3085995016232511
fidelity error =  0.14407829972260364
Secret Independence =  0.3080388129598297
fidelity error =  0.1441078755423511
Secret Independence =  0.3057927965849625
fidelity error =  0.14422594814542847
Secret Independence =  0.3013300486541863
fidelity error =  0.14445867852877237
Secret Independence =  0.3007623729927965
fidelity error =  0.1444880790835088
Secret Independence =  0.2985905595676277
fidelity error =  0.14460019942770963
Secret Independence =  0.2980206403900517
fidelity error =  0.14462948933593567
Secret Independence =  0.2962554261635658
fidelity error =  0.14471996397776077
Secret Independence =  0.2956842156042364
fidelity error =  0.14474924711149725
Secret Independence =  0.2951129604061028
fidelity error =  0.1447784607241071
Secret Independence =  0.2946927920064448
fidelity error =  0.1447999235422412
Secret Independence =  0.2941209657737864
fidelity error =  0.14482911263923826
Secret Independence =  0.29183113727133475
fidelity error =  0.14494561971859887
Secret Independence =  0.28746169694182666
fidelity error =  0.14516628939767437
Secret Independence =  0.28688494839555817
fidelity error =  0.1451953972385131
Secret Independence =  0.2863086591295028
fidelity error =  0.14522452384516055
Secret Independence =  0.2840014053703128
fidelity error =  0.14534077957932762
Secret Independence =  0.27929691099530113
fidelity error =  0.14557608976551314
Secret Independence =  0.2787159834622514
fidelity error =  0.1456049728032613
Secret Independence =  0.2785650979170794
fidelity error =  0.14561246902045694
Secret Independence =  0.27798463812839547
fidelity error =  0.14564133523008638
Secret Independence =  0.2760685290090676
fidelity error =  0.14573638086919424
Secret Independence =  0.27548753828646455
fidelity error =  0.14576521615004623
Secret Independence =  0.2753597871177249
fidelity error =  0.14577155208467216
Secret Independence =  0.2747796082515861
fidelity error =  0.14580024954530496
Secret Independence =  0.27363814968144134
fidelity error =  0.1458566116256647
Secret Independence =  0.2730572847825099
fidelity error =  0.1458851941605785
Secret Independence =  0.271631084000696
fidelity error =  0.1459552320670066
Secret Independence =  0.271049367605539
fidelity error =  0.1459837109776187
Secret Independence =  0.26872125785769707
fidelity error =  0.14609735939893806
Secret Independence =  0.26319532321149974
fidelity error =  0.1463650505585233
Secret Independence =  0.2626116528190241
fidelity error =  0.14639312665539073
Secret Independence =  0.26027620716041117
fidelity error =  0.14650515457422542
Secret Independence =  0.2509260240179462
fidelity error =  0.14694878464265432
Secret Independence =  0.24931098923462247
fidelity error =  0.1470246430929419
Secret Independence =  0.24872574830065414
fidelity error =  0.14705224171952067
Secret Independence =  0.24638480417245834
fidelity error =  0.14716235200299602
Secret Independence =  0.2441154725334736
fidelity error =  0.14726866606203184
Secret Independence =  0.27448039875229846
fidelity error =  0.1469656292064855
Secret Independence =  0.007315096843690319
fidelity error =  0.15829081652138416
Secret Independence =  0.004715332596301018
fidelity error =  0.15803410211509814
Secret Independence =  0.0017043060911469386
fidelity error =  0.15825346529112114
Secret Independence =  0.00035102481911566925
fidelity error =  0.1582544125475956
Secret Independence =  1.249926903019795e-05
fidelity error =  0.1577860942683907
Secret Independence =  5.456126453881521e-06
fidelity error =  0.15743286160193207
Secret Independence =  3.423069805669743e-06
fidelity error =  0.15716289163882774
Secret Independence =  9.493772140090302e-06
fidelity error =  0.1553596056699479
Secret Independence =  3.3100602439532855e-05
fidelity error =  0.15131779846104185
Secret Independence =  9.797385874357268e-05
fidelity error =  0.13889102670852577
Secret Independence =  0.00011264923923699272
fidelity error =  0.12739546180341974
Secret Independence =  0.00034073123617859734
fidelity error =  0.09570322172641643
Secret Independence =  0.00014071721797014573
fidelity error =  0.09168644092995942
Secret Independence =  0.00015182068270117846
fidelity error =  0.07191584790406047
Secret Independence =  0.00014260476685724432
fidelity error =  0.05692410081779927
Secret Independence =  0.00035284276494382
fidelity error =  0.035920631909703196
Secret Independence =  7.486728538961054e-05
fidelity error =  0.034058476368738995
Secret Independence =  2.912060789807211e-05
fidelity error =  0.030988600870283923
Secret Independence =  3.0827009646908795e-05
fidelity error =  0.02553740014802686
Secret Independence =  0.00011930234733034438
fidelity error =  0.015959217341953217
Secret Independence =  5.4652692522633725e-05
fidelity error =  0.01401313850239338
Secret Independence =  1.842342434365272e-05
fidelity error =  0.012403023664678409
Secret Independence =  1.6686168510796458e-05
fidelity error =  0.009193667768738999
Secret Independence =  4.830779773024444e-05
fidelity error =  0.004660148142581798
Secret Independence =  2.3328517345728815e-05
fidelity error =  0.0038735681342833427
Secret Independence =  1.203024456726082e-05
fidelity error =  0.003235563453368861
Secret Independence =  1.0757969020452442e-05
fidelity error =  0.002667445284025592
Secret Independence =  1.4715417640741659e-05
fidelity error =  0.0015030062624813935
Secret Independence =  1.1799046779155943e-05
fidelity error =  0.0012514908196737686
Secret Independence =  9.337990927735587e-06
fidelity error =  0.0011025824789633518
Secret Independence =  9.437457410284018e-06
fidelity error =  0.0008971093477710702
Secret Independence =  9.152799795005726e-06
fidelity error =  0.0008604190079574132
Secret Independence =  8.431375473378312e-06
fidelity error =  0.0008501997805472823
Secret Independence =  8.256917984404109e-06
fidelity error =  0.000830685605396454
Secret Independence =  8.225810022485268e-06
fidelity error =  0.0008188219988584336
Secret Independence =  8.261283696904779e-06
fidelity error =  0.0007879764931127425
Secret Independence =  8.374062063323801e-06
fidelity error =  0.0007614420818377216
Secret Independence =  8.107708204807815e-06
fidelity error =  0.0007484515281852356
Secret Independence =  8.219991133903442e-06
fidelity error =  0.0006996384132098692
Secret Independence =  8.518325524721694e-06
fidelity error =  0.0006240281361485941
Secret Independence =  9.329596336367971e-06
fidelity error =  0.00041788978276457403
Secret Independence =  9.951437747560954e-06
fidelity error =  0.0002051834969666204
Secret Independence =  9.286604217021494e-06
fidelity error =  6.153903588002842e-05
Secret Independence =  8.772638849676722e-06
fidelity error =  3.209696532122294e-05
Secret Independence =  8.829581782908408e-06
fidelity error =  1.3067055170184782e-05
Secret Independence =  8.832947137601512e-06
fidelity error =  7.965926020112363e-06
Secret Independence =  8.801938026754659e-06
fidelity error =  7.5610238844048546e-06
Secret Independence =  8.798032125102262e-06
fidelity error =  7.616588734068704e-06
Saved → /users/home/gustiani/VeriPulse/data/GRAPE_AVG_p100_det0.00_err0.00-lam0.100-5.json
