Secret Independence =  0.49366911299297334
fidelity error =  0.13090125329031985
Secret Independence =  0.4936512879958612
fidelity error =  0.13090828424275602
Secret Independence =  0.49363339343724205
fidelity error =  0.13091532463249872
Secret Independence =  0.4935614676362251
fidelity error =  0.13094348817921891
Secret Independence =  0.4934063693695524
fidelity error =  0.13100350363313823
Secret Independence =  0.49338752118928825
fidelity error =  0.13101066501374442
Secret Independence =  0.49331176209457916
fidelity error =  0.1310393125941574
Secret Independence =  0.4930028669952109
fidelity error =  0.1311539354452934
Secret Independence =  0.4923660804929166
fidelity error =  0.13138019380401678
Secret Independence =  0.4923431868696774
fidelity error =  0.13138786418099918
Secret Independence =  0.4923202061638776
fidelity error =  0.13139554590982613
Secret Independence =  0.4922278360571256
fidelity error =  0.13142627527769787
Secret Independence =  0.49185120391019943
fidelity error =  0.13154923146942482
Secret Independence =  0.49115612258128943
fidelity error =  0.13176714434352704
Secret Independence =  0.4911285297959007
fidelity error =  0.131775341313911
Secret Independence =  0.4910176219812433
fidelity error =  0.13180813187239795
Secret Independence =  0.49062045837061774
fidelity error =  0.13192357164697402
Secret Independence =  0.4905908083296632
fidelity error =  0.13193197909120896
Secret Independence =  0.4904716322040753
fidelity error =  0.13196561168645127
Secret Independence =  0.4899857203632856
fidelity error =  0.13210018642745985
Secret Independence =  0.4878952950239939
fidelity error =  0.1326391481891187
Secret Independence =  0.48766580282202776
fidelity error =  0.132694932546263
Secret Independence =  0.48762467948371757
fidelity error =  0.13270437320760892
Secret Independence =  0.4874593906410014
fidelity error =  0.13274213941860663
Secret Independence =  0.48681816442557735
fidelity error =  0.13288604164095777
Secret Independence =  0.4867738026654143
fidelity error =  0.13289574014721833
Secret Independence =  0.48673844050987153
fidelity error =  0.13290345802329998
Secret Independence =  0.4866938041492813
fidelity error =  0.13291318107867242
Secret Independence =  0.48651439870279867
fidelity error =  0.1329520770525456
Secret Independence =  0.4864543355625239
fidelity error =  0.13296503415111977
Secret Independence =  0.4864086534458967
fidelity error =  0.13297483856095585
Secret Independence =  0.4862250463156718
fidelity error =  0.13301406002357463
Secret Independence =  0.4856427003799233
fidelity error =  0.1331365665570451
Secret Independence =  0.48559389689127097
fidelity error =  0.13314659006067575
Secret Independence =  0.4853977460562858
fidelity error =  0.13318668811123469
Secret Independence =  0.4845981745461608
fidelity error =  0.1333471434638066
Secret Independence =  0.48437103777549695
fidelity error =  0.13339188699542973
Secret Independence =  0.4843173473274889
fidelity error =  0.13340225650568288
Secret Independence =  0.4841015581838778
fidelity error =  0.1334437388536016
Secret Independence =  0.48369084866492107
fidelity error =  0.13352185365413574
Secret Independence =  0.4836345529460816
fidelity error =  0.13353239721429813
Secret Independence =  0.48356232607599786
fidelity error =  0.1335458957563528
Secret Independence =  0.4835055901159587
fidelity error =  0.13355647355185296
Secret Independence =  0.4833444570013337
fidelity error =  0.13358640828097648
Secret Independence =  0.48328694372024705
fidelity error =  0.1335970381841871
Secret Independence =  0.4830557954289467
fidelity error =  0.13363956286989406
Secret Independence =  0.48244282360830587
fidelity error =  0.13375084713981406
Secret Independence =  0.48238192691420256
fidelity error =  0.13376170393329062
Secret Independence =  0.48213718475890754
fidelity error =  0.1338051366494058
Secret Independence =  0.4811397641553399
fidelity error =  0.13397895425549367
Secret Independence =  0.47821433044436
fidelity error =  0.13446259056164622
Secret Independence =  0.4781375356381653
fidelity error =  0.13447442075817423
Secret Independence =  0.47807839042142836
fidelity error =  0.13448351743781273
Secret Independence =  0.4780011715035133
fidelity error =  0.13449537263411315
Secret Independence =  0.47769085410548595
fidelity error =  0.1345427999118673
Secret Independence =  0.47642657169597735
fidelity error =  0.13473261022258048
Secret Independence =  0.47487242526577766
fidelity error =  0.1349589557087439
Secret Independence =  0.4747833628894405
fidelity error =  0.13497145767043958
Secret Independence =  0.4744254707670783
fidelity error =  0.1350214726051483
Secret Independence =  0.4729676933724384
fidelity error =  0.13522164248176582
Secret Independence =  0.4671840014832358
fidelity error =  0.13596723545043854
Secret Independence =  0.46706704165325963
fidelity error =  0.13598109841613487
Secret Independence =  0.4665971098972326
fidelity error =  0.13603655851393454
Secret Independence =  0.46633181528834466
fidelity error =  0.1360677006266777
Secret Independence =  0.46621194745016725
fidelity error =  0.13608168775642523
Secret Independence =  0.4657303420053204
fidelity error =  0.13613764416892926
Secret Independence =  0.46572151737097944
fidelity error =  0.13613866591090998
Secret Independence =  0.46559956526914403
fidelity error =  0.13615275311736624
Secret Independence =  0.4651095926218626
fidelity error =  0.13620911026558907
Secret Independence =  0.4650792044318156
fidelity error =  0.1362125929260775
Secret Independence =  0.46495498171877647
fidelity error =  0.13622676094394526
Secret Independence =  0.46494012218208536
fidelity error =  0.1362284541015511
Secret Independence =  0.464815523950776
fidelity error =  0.13624265026380442
Secret Independence =  0.46431492886591763
fidelity error =  0.13629944380408626
Secret Independence =  0.4635629462702567
fidelity error =  0.13638404432132112
Secret Independence =  0.4634336049158936
fidelity error =  0.1363984555049934
Secret Independence =  0.46341500632743704
fidelity error =  0.13640052575508857
Secret Independence =  0.46328525765677675
fidelity error =  0.13641496590048985
Secret Independence =  0.46276398840523625
fidelity error =  0.13647273659840867
Secret Independence =  0.461603292431597
fidelity error =  0.13660001072582856
Secret Independence =  0.46146720738644553
fidelity error =  0.13661469680368896
Secret Independence =  0.4613161083805464
fidelity error =  0.13663097450742712
Secret Independence =  0.46117902887059403
fidelity error =  0.13664568855075976
Secret Independence =  0.46062832869624626
fidelity error =  0.13670455511459106
Secret Independence =  0.4586853352454133
fidelity error =  0.13690922028765148
Secret Independence =  0.45853920216147287
fidelity error =  0.13692431687885886
Secret Independence =  0.4579521595299637
fidelity error =  0.13698471414345414
Secret Independence =  0.45556402134697704
fidelity error =  0.1372264709764458
Secret Independence =  0.45418897086137966
fidelity error =  0.1373629466981444
Secret Independence =  0.45402763834515736
fidelity error =  0.137378644749913
Secret Independence =  0.45337959335690464
fidelity error =  0.1374414490298218
Secret Independence =  0.4529395930784347
fidelity error =  0.137483864148151
Secret Independence =  0.45277425019568895
fidelity error =  0.13749971073167572
Secret Independence =  0.45249608971960853
fidelity error =  0.13752631280707814
Secret Independence =  0.45232947209450997
fidelity error =  0.13754219942423032
Secret Independence =  0.4516602276322288
fidelity error =  0.13760575647460144
Secret Independence =  0.44913914832953417
fidelity error =  0.13784165898098966
Secret Independence =  0.4489615506559497
fidelity error =  0.13785795614828916
Secret Independence =  0.44890682469235654
fidelity error =  0.13786297290474223
Secret Independence =  0.4487287443944431
fidelity error =  0.1378792919170832
Secret Independence =  0.44855019886082614
fidelity error =  0.13789562531881358
Secret Independence =  0.4482419935348413
fidelity error =  0.13792376004825158
Secret Independence =  0.44806186496064987
fidelity error =  0.13794014529147713
Secret Independence =  0.4473384203731983
fidelity error =  0.13800569686657946
Secret Independence =  0.4462543432713231
fidelity error =  0.13810317342793782
Secret Independence =  0.4460679526748997
fidelity error =  0.13811978059456873
Secret Independence =  0.44531938897390366
fidelity error =  0.13818621991378047
Secret Independence =  0.44503588864925014
fidelity error =  0.13821127611648248
Secret Independence =  0.44484568282452464
fidelity error =  0.13822804285982704
Secret Independence =  0.44408181575319783
fidelity error =  0.13829512088187057
Secret Independence =  0.4439157667979337
fidelity error =  0.1383096483323126
Secret Independence =  0.44372198913541744
fidelity error =  0.1383265274846303
Secret Independence =  0.443563466940477
fidelity error =  0.1383403165460656
Secret Independence =  0.44336858137337726
fidelity error =  0.1383572229155104
Secret Independence =  0.4425859426304555
fidelity error =  0.13842485927764203
Secret Independence =  0.44255835611374184
fidelity error =  0.13842723586993214
Secret Independence =  0.4423603653771718
fidelity error =  0.1384442673085423
Secret Independence =  0.4415652728752648
fidelity error =  0.13851240422195604
Secret Independence =  0.44054424540313825
fidelity error =  0.13859930799570036
Secret Independence =  0.4403401097122379
fidelity error =  0.13861656207434253
Secret Independence =  0.43958251007443105
fidelity error =  0.13868037265696798
Secret Independence =  0.43937557550692063
fidelity error =  0.13869772979717246
Secret Independence =  0.4385446203828399
fidelity error =  0.1387671706287406
Secret Independence =  0.4355921396015231
fidelity error =  0.13901067769509584
Secret Independence =  0.4353729934690507
fidelity error =  0.1390284640838409
Secret Independence =  0.4344930705925236
fidelity error =  0.1390996221778142
Secret Independence =  0.4324580153596169
fidelity error =  0.1392626485731337
Secret Independence =  0.4322295007014776
fidelity error =  0.13928077139576686
Secret Independence =  0.4313120176444355
fidelity error =  0.13935327557062988
Secret Independence =  0.4275877765411385
fidelity error =  0.1396434856155726
Secret Independence =  0.42440047721638363
fidelity error =  0.13988692685459733
Secret Independence =  0.42414877072128515
fidelity error =  0.13990573489101255
Secret Independence =  0.42389638054207524
fidelity error =  0.13992455848731486
Secret Independence =  0.42317038860799167
fidelity error =  0.1399785603625496
Secret Independence =  0.42291543137316767
fidelity error =  0.13999748083469646
Secret Independence =  0.4218919771380803
fidelity error =  0.14007317452590967
Secret Independence =  0.4207121828315301
fidelity error =  0.14015992843485953
Secret Independence =  0.4204505990269641
fidelity error =  0.14017903151505123
Secret Independence =  0.4201493084841684
fidelity error =  0.14020100243543254
Secret Independence =  0.4198864939012141
fidelity error =  0.14022012901747877
Secret Independence =  0.41883157332622356
fidelity error =  0.14029664424373223
Secret Independence =  0.41795370208859234
fidelity error =  0.1403600078262779
Secret Independence =  0.4176850404430176
fidelity error =  0.14037926927927308
Secret Independence =  0.4166066984775774
fidelity error =  0.1404563229482188
Secret Independence =  0.4122348702692594
fidelity error =  0.14076464724788418
Secret Independence =  0.4070642120893177
fidelity error =  0.1411214162151951
Secret Independence =  0.4067668093221413
fidelity error =  0.14114145399502073
Secret Independence =  0.4067319078372318
fidelity error =  0.14114380385057942
Secret Independence =  0.4064340561009089
fidelity error =  0.14116383228558776
Secret Independence =  0.40523882771541475
fidelity error =  0.14124394864402245
Secret Independence =  0.405012359800888
fidelity error =  0.14125908338422163
Secret Independence =  0.4047104257372359
fidelity error =  0.1412792281257511
Secret Independence =  0.4034988605797899
fidelity error =  0.14135980934080883
Secret Independence =  0.4015271511232714
fidelity error =  0.14149009768037155
Secret Independence =  0.40121672770929706
fidelity error =  0.14151042473799325
Secret Independence =  0.39997118462079795
fidelity error =  0.14159173357951857
Secret Independence =  0.3988372733472688
fidelity error =  0.14166541008293207
Secret Independence =  0.39852064332542736
fidelity error =  0.1416858702867702
Secret Independence =  0.39799789178199624
fidelity error =  0.1417195951110621
Secret Independence =  0.39767954397700844
fidelity error =  0.14174010002494536
Secret Independence =  0.39640230290407763
fidelity error =  0.14182211831278893
Secret Independence =  0.3936362063177496
fidelity error =  0.141998406033946
Secret Independence =  0.39330769422616385
fidelity error =  0.14201918856227752
Secret Independence =  0.39198978909043797
fidelity error =  0.14210231747213378
Secret Independence =  0.3885245836866915
fidelity error =  0.1423190650323945
Secret Independence =  0.3881845698460895
fidelity error =  0.14234013793277367
Secret Independence =  0.3875996489330734
fidelity error =  0.14237633293945676
Secret Independence =  0.38725802137163495
fidelity error =  0.14239741776954254
Secret Independence =  0.38588767340564856
fidelity error =  0.14248175296758936
Secret Independence =  0.38239127778718035
fidelity error =  0.1426952263345393
Secret Independence =  0.38203814444535067
fidelity error =  0.14271653860557448
Secret Independence =  0.38157095432320487
fidelity error =  0.14274469810131682
Secret Independence =  0.38121608815918295
fidelity error =  0.14276600970505926
Secret Independence =  0.3800261276816812
fidelity error =  0.14283730211407059
Secret Independence =  0.37966839348046
fidelity error =  0.14285864378164995
Secret Independence =  0.378889890925346
fidelity error =  0.14290500638206788
Secret Independence =  0.3785301191904936
fidelity error =  0.14292640568025589
Secret Independence =  0.37708724903701485
fidelity error =  0.1430119937713209
Secret Independence =  0.3725554865268268
fidelity error =  0.14327843943488658
Secret Independence =  0.3721830253980104
fidelity error =  0.14330012547322857
Secret Independence =  0.3711597184526465
fidelity error =  0.1433595889201635
Secret Independence =  0.3707844670993742
fidelity error =  0.1433813304943322
Secret Independence =  0.36927974777559436
fidelity error =  0.14346828506195525
Secret Independence =  0.3690102597479164
fidelity error =  0.14348382021062414
Secret Independence =  0.3686311590186321
fidelity error =  0.1435056843698434
Secret Independence =  0.36711107205594273
fidelity error =  0.1435931303830938
Secret Independence =  0.36644593518027213
fidelity error =  0.1436312825996676
Secret Independence =  0.3660619057188361
fidelity error =  0.14365322758888324
Secret Independence =  0.36518678384871683
fidelity error =  0.14370315339935036
Secret Independence =  0.3648007772616185
fidelity error =  0.14372515100015826
Secret Independence =  0.3632531198654947
fidelity error =  0.14381312962491402
Secret Independence =  0.35700576516126636
fidelity error =  0.1441648279631474
Secret Independence =  0.3554131398940117
fidelity error =  0.14425363676958136
Secret Independence =  0.3550093966763049
fidelity error =  0.14427597193308073
Secret Independence =  0.3534851725495621
fidelity error =  0.14436010474825434
Secret Independence =  0.3530784961405641
fidelity error =  0.1443825404196693
Secret Independence =  0.3514483440164526
fidelity error =  0.14447226820023745
Secret Independence =  0.34942666244353393
fidelity error =  0.14458309812110065
Secret Independence =  0.349013599930818
fidelity error =  0.1446057036933634
Secret Independence =  0.3474612138878062
fidelity error =  0.14469048350475194
Secret Independence =  0.3470451625380546
fidelity error =  0.14471319156286488
Secret Independence =  0.3453776336966212
fidelity error =  0.14480400874719898
Secret Independence =  0.3442958435078163
fidelity error =  0.1448627592562107
Secret Independence =  0.3438755169040732
fidelity error =  0.14488549438377468
Secret Independence =  0.34345479096049697
fidelity error =  0.14490820095296772
Secret Independence =  0.3434482024450191
fidelity error =  0.14490855638077582
Secret Independence =  0.343027442764333
fidelity error =  0.14493122534575298
Secret Independence =  0.34283009587272933
fidelity error =  0.1449418509814598
Secret Independence =  0.3424087702756403
fidelity error =  0.14496448085937297
Secret Independence =  0.34072027188198256
fidelity error =  0.14505497904135284
Secret Independence =  0.3383345467999571
fidelity error =  0.14518232871382264
Secret Independence =  0.3379071252065706
fidelity error =  0.14520501419106163
Secret Independence =  0.3361943544267182
fidelity error =  0.14529573084409264
Secret Independence =  0.3350100533386652
fidelity error =  0.14535828249614163
Secret Independence =  0.3345782117104831
fidelity error =  0.14538098305309383
Secret Independence =  0.3328478423058854
fidelity error =  0.14547175753138356
Secret Independence =  0.33159898828136414
fidelity error =  0.14553708964855236
Secret Independence =  0.3311628946857294
fidelity error =  0.14555986195466653
Secret Independence =  0.32952127260292086
fidelity error =  0.1456454234240949
Secret Independence =  0.32908284334216265
fidelity error =  0.1456682333455212
Secret Independence =  0.3276963087309692
fidelity error =  0.1457402524659162
Secret Independence =  0.32725621532835586
fidelity error =  0.14576302737710056
Secret Independence =  0.3265056774691544
fidelity error =  0.14580182663886437
Secret Independence =  0.3260647297598101
fidelity error =  0.1458245731876095
Secret Independence =  0.32486087826268084
fidelity error =  0.1458865841375372
Secret Independence =  0.32441810328311294
fidelity error =  0.1459094052486511
Secret Independence =  0.3226442961540208
fidelity error =  0.14600065377509175
Secret Independence =  0.3155075445654452
fidelity error =  0.14636503893574349
Secret Independence =  0.30943987752165925
fidelity error =  0.14667155918663122
Secret Independence =  0.30898037224896213
fidelity error =  0.14669463784161846
Secret Independence =  0.3084027943912513
fidelity error =  0.1467236246571554
Secret Independence =  0.3079430193356526
fidelity error =  0.14674663073133537
Secret Independence =  0.3067496826860979
fidelity error =  0.14680626970703298
Secret Independence =  0.3062887597892353
fidelity error =  0.14682929046274246
Secret Independence =  0.3057203231559939
fidelity error =  0.14685765973332915
Secret Independence =  0.3052589292967845
fidelity error =  0.14688069705813137
Secret Independence =  0.30439783971460016
fidelity error =  0.14692365034492538
Secret Independence =  0.3039356589126943
fidelity error =  0.1469467461641093
Secret Independence =  0.3020848691197189
fidelity error =  0.14703908397758908
Secret Independence =  0.29584432387840043
fidelity error =  0.14734872908984967
Secret Independence =  0.2953758965806176
fidelity error =  0.14737177087635642
Secret Independence =  0.29490731374273793
fidelity error =  0.14739479765627353
Secret Independence =  0.29367270240498056
fidelity error =  0.147455401591858
Secret Independence =  0.29320328001314744
fidelity error =  0.1474784855782783
Secret Independence =  0.292191228859761
fidelity error =  0.1475282075751971
Secret Independence =  0.2917210976082451
fidelity error =  0.14755122925496003
Secret Independence =  0.289838926921229
fidelity error =  0.14764326305616443
Secret Independence =  0.2855630738309567
fidelity error =  0.14785156702642294
Secret Independence =  0.28508892300119804
fidelity error =  0.1478745269737396
Secret Independence =  0.2831909059583748
fidelity error =  0.14796630940210262
Secret Independence =  0.28316026594712057
fidelity error =  0.14796778942436373
Secret Independence =  0.2826855235741609
fidelity error =  0.14799065573419218
Secret Independence =  0.2813839906075323
fidelity error =  0.14805328071348298
Secret Independence =  0.2809090156737837
fidelity error =  0.14807607753611896
Secret Independence =  0.27900786700881564
fidelity error =  0.14816720072792428
Secret Independence =  0.2787691405399256
fidelity error =  0.14817862913320248
Secret Independence =  0.2782928460145313
fidelity error =  0.1482013862315658
Secret Independence =  0.2763865131519302
fidelity error =  0.14829234926836998
Secret Independence =  0.2687447692259374
fidelity error =  0.14865511680833782
Secret Independence =  0.2665092710272533
fidelity error =  0.14876069853433682
Secret Independence =  0.26602857239793315
fidelity error =  0.14878343129027408
Secret Independence =  0.2659344397025163
fidelity error =  0.14878788171246593
Secret Independence =  0.26545403398745815
fidelity error =  0.14881060661426518
Secret Independence =  0.26377565847653484
fidelity error =  0.14888991960985895
Secret Independence =  0.2632951721329869
fidelity error =  0.14891263203122887
Secret Independence =  0.2613726278352061
fidelity error =  0.14900341102358639
Secret Independence =  0.25949013658909836
fidelity error =  0.14909214785941075
Secret Independence =  0.25900912547575183
fidelity error =  0.14911480347729494
Secret Independence =  0.25708464209795745
fidelity error =  0.14920535288881168
Secret Independence =  0.2522685658075682
fidelity error =  0.1494313171518862
Secret Independence =  0.25178655853618526
fidelity error =  0.14945388323718914
Secret Independence =  0.25143602661145437
fidelity error =  0.14947028869199291
Secret Independence =  0.25095399430757614
fidelity error =  0.14949281647423782
Secret Independence =  0.24902573041709664
fidelity error =  0.14958285039655345
Secret Independence =  0.24313879105564815
fidelity error =  0.14985692441343645
Secret Independence =  0.2426569669940122
fidelity error =  0.14987936698353066
Secret Independence =  0.24072984914961099
fidelity error =  0.14996905613584177
Secret Independence =  0.23437596454772416
fidelity error =  0.15026397828976296
Secret Independence =  0.4307678105656495
fidelity error =  0.10358611145273339
Secret Independence =  0.022677792837000395
fidelity error =  0.15866175406747401
Secret Independence =  0.017605085483632515
fidelity error =  0.1616877783063325
Secret Independence =  0.00011398859499442554
fidelity error =  0.161162952630492
Secret Independence =  3.694510878686353e-05
fidelity error =  0.1610850261025222
Secret Independence =  2.773031920372513e-06
fidelity error =  0.16059414644257958
Secret Independence =  3.512666111085133e-06
fidelity error =  0.16015733403560284
Secret Independence =  1.5159582562935056e-05
fidelity error =  0.15782549989137634
Secret Independence =  6.861518202249143e-05
fidelity error =  0.1498575344174357
Secret Independence =  0.0004774405862992373
fidelity error =  0.12087613368454142
Secret Independence =  0.0001725700456827722
fidelity error =  0.12357663282044178
Secret Independence =  9.576930046775958e-05
fidelity error =  0.10159281308130774
Secret Independence =  0.002533609217863969
fidelity error =  0.05407392307437341
Secret Independence =  0.00015293449658036144
fidelity error =  0.08602308365922684
Secret Independence =  0.00014921910815959426
fidelity error =  0.07189542556854953
Secret Independence =  0.00015693677485000945
fidelity error =  0.06191884391625839
Secret Independence =  0.00015334424152033577
fidelity error =  0.04770606578493289
Secret Independence =  0.00011632216875713256
fidelity error =  0.03548311417884175
Secret Independence =  4.853976728875508e-05
fidelity error =  0.03275838356499215
Secret Independence =  2.2666334675881785e-05
fidelity error =  0.028588925268923766
Secret Independence =  4.397097845028e-05
fidelity error =  0.022573017818953003
Secret Independence =  0.00010193281571702293
fidelity error =  0.01260616521922956
Secret Independence =  4.438567578771923e-05
fidelity error =  0.009244687202225538
Secret Independence =  2.255693521237143e-05
fidelity error =  0.007752109257880868
Secret Independence =  3.473570197821191e-05
fidelity error =  0.006217600526867417
Secret Independence =  9.12979330640346e-06
fidelity error =  0.005966541789534392
Secret Independence =  7.162936856525086e-06
fidelity error =  0.005466917027280278
Secret Independence =  1.2044502656318389e-05
fidelity error =  0.003822793746248081
Secret Independence =  1.2471889140292126e-05
fidelity error =  0.003026637712450736
Secret Independence =  1.0463443967408875e-05
fidelity error =  0.0024134533092276234
Secret Independence =  6.337731798940217e-06
fidelity error =  0.0023225240688317
Secret Independence =  5.8560352320111345e-06
fidelity error =  0.002169404074139887
Secret Independence =  6.582238618073383e-06
fidelity error =  0.001995783759204449
Secret Independence =  7.261686764300351e-06
fidelity error =  0.001846298490030571
Secret Independence =  6.328389569718864e-06
fidelity error =  0.0018199245598599719
Secret Independence =  5.741699739028123e-06
fidelity error =  0.0017885045729761468
Secret Independence =  5.577647399184474e-06
fidelity error =  0.0017676475545892435
Secret Independence =  5.681139774911568e-06
fidelity error =  0.0016911262883637693
Secret Independence =  6.575531849871091e-06
fidelity error =  0.0015181123831978112
Secret Independence =  7.477707349966057e-06
fidelity error =  0.0012977591556443038
Secret Independence =  8.612376179009751e-06
fidelity error =  0.0008989240831666907
Secret Independence =  7.05519635323203e-06
fidelity error =  0.0007006471356714081
Secret Independence =  6.455340220315421e-06
fidelity error =  0.0006048064916767387
Secret Independence =  6.712622885869983e-06
fidelity error =  0.0004655545842075727
Secret Independence =  7.600791632046203e-06
fidelity error =  0.00023184453733177368
Secret Independence =  9.701335492148029e-06
fidelity error =  0.0001564532400963073
Secret Independence =  7.551112461805747e-06
fidelity error =  0.00017799943002861154
Secret Independence =  6.991847598649446e-06
fidelity error =  0.00014904804936614413
Secret Independence =  6.962288747633211e-06
fidelity error =  0.000128577652431609
Secret Independence =  7.466261483398716e-06
fidelity error =  4.09676629397497e-05
Secret Independence =  7.544257830332255e-06
fidelity error =  9.473417508014698e-06
Secret Independence =  6.849164555412543e-06
fidelity error =  8.518601630680274e-06
Secret Independence =  6.801000652373014e-06
fidelity error =  7.182077571917e-06
Secret Independence =  6.785566586699063e-06
fidelity error =  7.4514978088227005e-06
/users/home/gustiani/VeriPulse/.venv/lib/python3.14/site-packages/qutip/core/data/expm.py:146: LinAlgWarning: Matrix is singular. The result might be inaccurate or the array might not have a square root.
  return Dense(scipy.linalg.sqrtm(matrix.as_ndarray()))
/users/home/gustiani/VeriPulse/src/veripulse/sdp.py:114: UserWarning: Solution may be inaccurate. Try another solver, adjusting the solver settings, or solve with verbose=True for more information.
  prob.solve(solver=solver, canon_backend="SCIPY", **solver_opts)
Saved → /users/home/gustiani/VeriPulse/data/GRAPE_AVG_p120_det0.00_err0.00-lam0.100-1.json
Secret Independence =  0.488267021751042
fidelity error =  0.11912751347680153
Secret Independence =  0.4882321447741045
fidelity error =  0.11912240723879447
Secret Independence =  0.48819714993092345
fidelity error =  0.11911729884566218
Secret Independence =  0.48805658021397835
fidelity error =  0.11909686252202095
Secret Independence =  0.4874848683865789
fidelity error =  0.11901507387503334
Secret Independence =  0.4873342616848294
fidelity error =  0.11899386878144581
Secret Independence =  0.4872962540547676
fidelity error =  0.11898870256449022
Secret Independence =  0.4872894267945748
fidelity error =  0.11898777545863434
Secret Independence =  0.48725128871803736
fidelity error =  0.11898260301497784
Secret Independence =  0.4870980916148781
fidelity error =  0.11896191044735344
Secret Independence =  0.4868015885533445
fidelity error =  0.11892223810991451
Secret Independence =  0.4867618027685625
fidelity error =  0.1189170534492124
Secret Independence =  0.4866019856905437
fidelity error =  0.11889631190061012
Secret Independence =  0.48595195053481166
fidelity error =  0.11881329998735032
Secret Independence =  0.4855087210046466
fidelity error =  0.11875787895796522
Secret Independence =  0.4854645761417339
fidelity error =  0.11875262943857184
Secret Independence =  0.4852872466927628
fidelity error =  0.11873162827193182
Secret Independence =  0.48479708717216574
fidelity error =  0.11867427628565061
Secret Independence =  0.4847505492481218
fidelity error =  0.11866899482064183
Secret Independence =  0.4845636063854217
fidelity error =  0.11864786583524344
Secret Independence =  0.48380319830342355
fidelity error =  0.11856330081842786
Secret Independence =  0.4837932975606964
fidelity error =  0.1185622138596173
Secret Independence =  0.483743370128974
fidelity error =  0.11855690528174193
Secret Independence =  0.48354280995194837
fidelity error =  0.11853566777166627
Secret Independence =  0.48272698729079
fidelity error =  0.11845066755845826
Secret Independence =  0.4808788055368166
fidelity error =  0.11826561649866277
Secret Independence =  0.48081899241452886
fidelity error =  0.118260221263608
Secret Independence =  0.48057871906298166
fidelity error =  0.11823863632488692
Secret Independence =  0.47982159352846987
fidelity error =  0.11817151474053375
Secret Independence =  0.47975824829047237
fidelity error =  0.118166085383863
Secret Independence =  0.47969469436721257
fidelity error =  0.1181606543085816
Secret Independence =  0.4795602475933312
fidelity error =  0.11814919395649862
Secret Independence =  0.47949608463284354
fidelity error =  0.11814377337687851
Secret Independence =  0.4792383408846492
fidelity error =  0.1181220870855109
Secret Independence =  0.4782888218163644
fidelity error =  0.11804337411697842
Secret Independence =  0.4782203703042629
fidelity error =  0.1180379300410892
Secret Independence =  0.4779454004589384
fidelity error =  0.11801614931302275
Secret Independence =  0.47687786012766037
fidelity error =  0.11793287886640783
Secret Independence =  0.4768046632462529
fidelity error =  0.1179274154228983
Secret Independence =  0.4766766221449519
fidelity error =  0.11791787950841177
Secret Independence =  0.47660276050650996
fidelity error =  0.11791240428944448
Secret Independence =  0.4763060610416278
fidelity error =  0.11789049893203278
Secret Independence =  0.4752038467496753
fidelity error =  0.11781031994209268
Secret Independence =  0.4751250418942017
fidelity error =  0.11780482005099646
Secret Independence =  0.4748084885500461
fidelity error =  0.11778281537536098
Secret Independence =  0.47451337554029444
fidelity error =  0.11776242605346157
Secret Independence =  0.4744322945648879
fidelity error =  0.1177569185881321
Secret Independence =  0.4741066012220969
fidelity error =  0.11773488374339185
Secret Independence =  0.47278198161349055
fidelity error =  0.11764666638773066
Secret Independence =  0.4683075762117269
fidelity error =  0.11736340312651854
Secret Independence =  0.46820584143903177
fidelity error =  0.11735787485550883
Secret Independence =  0.4681037995873727
fidelity error =  0.11735234682965434
Secret Independence =  0.4680151909647848
fidelity error =  0.11734755345595559
Secret Independence =  0.4679125390548314
fidelity error =  0.11734202056625284
Secret Independence =  0.4675002222042051
fidelity error =  0.11731988219671086
Secret Independence =  0.4672946156869131
fidelity error =  0.11730889306706016
Secret Independence =  0.4671896345884244
fidelity error =  0.11730334543619833
Secret Independence =  0.4667679663198478
fidelity error =  0.11728114753099347
Secret Independence =  0.4650699891562484
fidelity error =  0.11719308534389002
Secret Independence =  0.46495774433596404
fidelity error =  0.11718752993111986
Secret Independence =  0.4645069125872593
fidelity error =  0.11716529976777007
Secret Independence =  0.46428789753062044
fidelity error =  0.11715454778766662
Secret Independence =  0.46417309055964606
fidelity error =  0.11714902423765049
Secret Independence =  0.46413634234692225
fidelity error =  0.11714725795809913
Secret Independence =  0.46402107444400176
fidelity error =  0.11714175905093532
Secret Independence =  0.4635581045603683
fidelity error =  0.11711975437840294
Secret Independence =  0.4629072162131621
fidelity error =  0.11708903472953108
Secret Independence =  0.46278802350775666
fidelity error =  0.11708352563405576
Secret Independence =  0.46230929841148816
fidelity error =  0.11706147929825843
Secret Independence =  0.4617285979188243
fidelity error =  0.1170349065521322
Secret Independence =  0.461605655598931
fidelity error =  0.11702940230613258
Secret Independence =  0.46111188038747886
fidelity error =  0.1170073755185359
Secret Independence =  0.46106771870069263
fidelity error =  0.117005411695184
Secret Independence =  0.4609427047304742
fidelity error =  0.11699989179351655
Secret Independence =  0.460440614439113
fidelity error =  0.11697780173359627
Secret Independence =  0.45839985392329474
fidelity error =  0.11688927708448701
Secret Independence =  0.4579722195986034
fidelity error =  0.11687097342642574
Secret Independence =  0.4578373194613612
fidelity error =  0.11686547371340733
Secret Independence =  0.4572955478419957
fidelity error =  0.11684346331214396
Secret Independence =  0.45704992785690424
fidelity error =  0.11683352469756539
Secret Independence =  0.45691214385690354
fidelity error =  0.11682802136613804
Secret Independence =  0.45635879827570214
fidelity error =  0.11680599586632731
Secret Independence =  0.4542875155371804
fidelity error =  0.11672459489339303
Secret Independence =  0.45414094264684524
fidelity error =  0.11671914004369599
Secret Independence =  0.45355232149768443
fidelity error =  0.11669730724051232
Secret Independence =  0.45116077063308774
fidelity error =  0.11660976493151078
Secret Independence =  0.4502690776710048
fidelity error =  0.11657758187130277
Secret Independence =  0.4501099144714985
fidelity error =  0.11657216429944259
Secret Independence =  0.4497026235322975
fidelity error =  0.11655833269911153
Secret Independence =  0.4495417950194146
fidelity error =  0.11655292123226094
Secret Independence =  0.4488959687740316
fidelity error =  0.11653126022952492
Secret Independence =  0.4487906671771279
fidelity error =  0.116527738847564
Secret Independence =  0.448627035468932
fidelity error =  0.11652235126321059
Secret Independence =  0.4479699609329014
fidelity error =  0.11650078567143018
Secret Independence =  0.4466142919279102
fidelity error =  0.11645663114804254
Secret Independence =  0.44644401436254844
fidelity error =  0.11645124132081482
Secret Independence =  0.4459193994796189
fidelity error =  0.11643467718661415
Secret Independence =  0.4457470973188213
fidelity error =  0.11642926739173405
Secret Independence =  0.4450552382515159
fidelity error =  0.11640761067261371
Secret Independence =  0.4422456789981842
fidelity error =  0.11632070724793991
Secret Independence =  0.43957153471079635
fidelity error =  0.11623945587909046
Secret Independence =  0.4393799798220791
fidelity error =  0.1162341365284117
Secret Independence =  0.4386108866332538
fidelity error =  0.11621283876142356
Secret Independence =  0.43694967730963624
fidelity error =  0.11616715367007747
Secret Independence =  0.4367504941286244
fidelity error =  0.11616183363119637
Secret Independence =  0.4359508089991723
fidelity error =  0.1161405311398978
Secret Independence =  0.4351978075002211
fidelity error =  0.1161205537103483
Secret Independence =  0.434993666326123
fidelity error =  0.11611525526858374
Secret Independence =  0.4341741040212825
fidelity error =  0.11609403942770245
Secret Independence =  0.43324702967831696
fidelity error =  0.11607014623866327
Secret Independence =  0.4330373030586203
fidelity error =  0.1160648521109512
Secret Independence =  0.4321953449065079
fidelity error =  0.11604365224025473
Secret Independence =  0.431425032266623
fidelity error =  0.11602433050600341
Secret Independence =  0.43121040033817215
fidelity error =  0.11601907833583934
Secret Independence =  0.43099522746751395
fidelity error =  0.11601381837220362
Secret Independence =  0.43013143956829586
fidelity error =  0.11599275456189881
Secret Independence =  0.4294911334206482
fidelity error =  0.11597719317047002
Secret Independence =  0.4292711727149414
fidelity error =  0.11597191885793943
Secret Independence =  0.42846731554881773
fidelity error =  0.11595268577337384
Secret Independence =  0.42824446930542204
fidelity error =  0.11594741055583693
Secret Independence =  0.4278815429670608
fidelity error =  0.1159388298892134
Secret Independence =  0.42765707631742755
fidelity error =  0.11593357621881396
Secret Independence =  0.4267560297302505
fidelity error =  0.11591253586425429
Secret Independence =  0.4255996386075439
fidelity error =  0.11588564533915621
Secret Independence =  0.4253689656912356
fidelity error =  0.11588046110308933
Secret Independence =  0.42515432053702895
fidelity error =  0.11587564130684296
Secret Independence =  0.4249226655618847
fidelity error =  0.11587046796345091
Secret Independence =  0.42454129485327186
fidelity error =  0.11586196150077076
Secret Independence =  0.42430807958770067
fidelity error =  0.11585677631391629
Secret Independence =  0.42382222613599785
fidelity error =  0.11584598907769492
Secret Independence =  0.42358726646890676
fidelity error =  0.11584077711269558
Secret Independence =  0.42264417689981
fidelity error =  0.11581990265703952
Secret Independence =  0.4188203250748399
fidelity error =  0.11573598518174427
Secret Independence =  0.41872316466514936
fidelity error =  0.11573386745009231
Secret Independence =  0.41847441872986835
fidelity error =  0.11572872745438587
Secret Independence =  0.4174760800385543
fidelity error =  0.11570813918560517
Secret Independence =  0.41445899417148985
fidelity error =  0.11564630690655436
Secret Independence =  0.4141988921011508
fidelity error =  0.11564124196916843
Secret Independence =  0.4138393853945597
fidelity error =  0.11563424734111863
Secret Independence =  0.41357802326632465
fidelity error =  0.11562918691864806
Secret Independence =  0.41252914393326534
fidelity error =  0.11560891443650897
Secret Independence =  0.4082793774367488
fidelity error =  0.11552733844791846
Secret Independence =  0.40696853644453224
fidelity error =  0.11550235055053966
Secret Independence =  0.4066896360479006
fidelity error =  0.11549738135828751
Secret Independence =  0.4061093821750468
fidelity error =  0.11548705236578899
Secret Independence =  0.40582835957438235
fidelity error =  0.11548211037092547
Secret Independence =  0.4047007320149045
fidelity error =  0.11546230892979514
Secret Independence =  0.40013437129850316
fidelity error =  0.11538257493087932
Secret Independence =  0.40012170882440423
fidelity error =  0.11538235480162258
Secret Independence =  0.3998261414222418
fidelity error =  0.11537743816839531
Secret Independence =  0.39864027908207755
fidelity error =  0.11535773449906835
Secret Independence =  0.39811639357270145
fidelity error =  0.11534904127354122
Secret Independence =  0.39781641917329735
fidelity error =  0.11534414476523769
Secret Independence =  0.39661292694446726
fidelity error =  0.11532452068073168
Secret Independence =  0.3959292220456243
fidelity error =  0.11531338671263427
Secret Independence =  0.39562421371032386
fidelity error =  0.11530848623772647
Secret Independence =  0.39440057470836787
fidelity error =  0.11528884465166456
Secret Independence =  0.38986957265111977
fidelity error =  0.1152163578498125
Secret Independence =  0.38955067205043004
fidelity error =  0.11521151238042313
Secret Independence =  0.388271439702339
fidelity error =  0.1151920880849632
Secret Independence =  0.38782892877478137
fidelity error =  0.11518537352097678
Secret Independence =  0.3875057463106314
fidelity error =  0.11518050006523359
Secret Independence =  0.38620938851011644
fidelity error =  0.11516096179089579
Secret Independence =  0.38306480827099054
fidelity error =  0.11511363317691076
Secret Independence =  0.3827310785805546
fidelity error =  0.11510878854929647
Secret Independence =  0.38139252769036114
fidelity error =  0.11508936334475067
Secret Independence =  0.378450178243285
fidelity error =  0.11504669575725929
Secret Independence =  0.3781067524613909
fidelity error =  0.11504183688354203
Secret Independence =  0.3771730378224983
fidelity error =  0.11502862723117634
Secret Independence =  0.3768272564519137
fidelity error =  0.11502384077019878
Secret Independence =  0.3754706309777339
fidelity error =  0.11500506288611073
Secret Independence =  0.37512155724759466
fidelity error =  0.11500026546786814
Secret Independence =  0.37477229039731486
fidelity error =  0.11499554602925566
Secret Independence =  0.37442237065148903
fidelity error =  0.11499084208940097
Secret Independence =  0.37409455427862515
fidelity error =  0.11498643526752778
Secret Independence =  0.3737436144609142
fidelity error =  0.1149818058693874
Secret Independence =  0.37306445574978386
fidelity error =  0.11497284679205813
Secret Independence =  0.37271166795233945
fidelity error =  0.11496822350819347
Secret Independence =  0.3712969485681318
fidelity error =  0.11494968260722405
Secret Independence =  0.3655821415612749
fidelity error =  0.11487476444941985
Secret Independence =  0.36449466380194484
fidelity error =  0.11486050325646763
Secret Independence =  0.36412526243448406
fidelity error =  0.11485589495401628
Secret Independence =  0.3626441543855446
fidelity error =  0.11483740926294222
Secret Independence =  0.36236796692765244
fidelity error =  0.11483396060709895
Secret Independence =  0.3619950317276164
fidelity error =  0.11482939233442552
Secret Independence =  0.361258463918834
fidelity error =  0.11482036712639898
Secret Independence =  0.3608835167485279
fidelity error =  0.1148157973729553
Secret Independence =  0.3593802708702022
fidelity error =  0.11479746678715033
Secret Independence =  0.35913556698563015
fidelity error =  0.11479448143142308
Secret Independence =  0.3587573548334646
fidelity error =  0.11478992262011645
Secret Independence =  0.3572410887616544
fidelity error =  0.11477163458912196
Secret Independence =  0.3555145660123763
fidelity error =  0.11475078790999295
Secret Independence =  0.3551302615126393
fidelity error =  0.11474633045738106
Secret Independence =  0.353589675692168
fidelity error =  0.11472844792406034
Secret Independence =  0.35085270211454184
fidelity error =  0.11469662408827488
Secret Independence =  0.35046074252472836
fidelity error =  0.11469227895341368
Secret Independence =  0.35040182541616804
fidelity error =  0.11469162567570268
Secret Independence =  0.350009773261785
fidelity error =  0.11468727692695066
Secret Independence =  0.3497782911222776
fidelity error =  0.11468470845091673
Secret Independence =  0.34938525341262255
fidelity error =  0.11468035468438126
Secret Independence =  0.34780983767789475
fidelity error =  0.11466288603171396
Secret Independence =  0.34708425973120166
fidelity error =  0.11465483123976658
Secret Independence =  0.3466872001861324
fidelity error =  0.11465043507118233
Secret Independence =  0.34625038898901894
fidelity error =  0.1146455964110272
Secret Independence =  0.34585206400477475
fidelity error =  0.11464120691516363
Secret Independence =  0.34545344757988256
fidelity error =  0.1146368871327568
Secret Independence =  0.34386265070374467
fidelity error =  0.11461962721303182
Secret Independence =  0.34346091062151585
fidelity error =  0.11461531235194314
Secret Independence =  0.3422624547324833
fidelity error =  0.11460242748725552
Secret Independence =  0.3418582080036451
fidelity error =  0.11459814287850548
Secret Independence =  0.3402380920974402
fidelity error =  0.11458094806634649
Secret Independence =  0.33765728997184874
fidelity error =  0.11455348059481121
Secret Independence =  0.3372467178411176
fidelity error =  0.11454921751398915
Secret Independence =  0.33560140270673766
fidelity error =  0.11453210645782363
Secret Independence =  0.335063689544061
fidelity error =  0.11452650485140928
Secret Independence =  0.334649599964074
fidelity error =  0.11452219703197325
Secret Independence =  0.33299341652787456
fidelity error =  0.11450493776865275
Secret Independence =  0.33257694990826303
fidelity error =  0.1145006760237882
Secret Independence =  0.3309081690223884
fidelity error =  0.11448356968313292
Secret Independence =  0.3267430333917267
fidelity error =  0.1144406682021015
Secret Independence =  0.3263184593848123
fidelity error =  0.11443652527523185
Secret Independence =  0.32530309090703396
fidelity error =  0.11442660407805784
Secret Independence =  0.3248766834146845
fidelity error =  0.11442246421083295
Secret Independence =  0.32445000086707243
fidelity error =  0.11441833889651615
Secret Independence =  0.3240228456136278
fidelity error =  0.11441421502460676
Secret Independence =  0.32231151059305185
fidelity error =  0.11439765849369565
Secret Independence =  0.3209291129543862
fidelity error =  0.11438424369416059
Secret Independence =  0.320497799761423
fidelity error =  0.1143801015417271
Secret Independence =  0.31876992213814226
fidelity error =  0.11436346985710352
Secret Independence =  0.312658124232486
fidelity error =  0.11430415721271062
Secret Independence =  0.31221745141823315
fidelity error =  0.11430009291567067
Secret Independence =  0.3104523546984368
fidelity error =  0.11428377072094349
Secret Independence =  0.30335528993246763
fidelity error =  0.11421745547975726
Secret Independence =  0.29946049856713947
fidelity error =  0.11418059824616586
Secret Independence =  0.2990074614612811
fidelity error =  0.11417657880521567
Secret Independence =  0.29847967065148057
fidelity error =  0.11417188960080651
Secret Independence =  0.2980265371137715
fidelity error =  0.11416776399462505
Secret Independence =  0.29757319829907786
fidelity error =  0.1141636114331071
Secret Independence =  0.29656406689898107
fidelity error =  0.11415434823735385
Secret Independence =  0.2961101653933209
fidelity error =  0.11415024855206869
Secret Independence =  0.2959074595134385
fidelity error =  0.11414841597288293
Secret Independence =  0.2954533461892858
fidelity error =  0.11414434866320039
Secret Independence =  0.29363501355589827
fidelity error =  0.11412800938307868
Secret Independence =  0.2932352717999599
fidelity error =  0.11412440596160564
Secret Independence =  0.29277925218664147
fidelity error =  0.1141203045369441
Secret Independence =  0.2909533799897789
fidelity error =  0.11410382730264754
Secret Independence =  0.28911143983625776
fidelity error =  0.1140871154498754
Secret Independence =  0.28865274524062245
fidelity error =  0.11408295261260545
Secret Independence =  0.28681630787909107
fidelity error =  0.11406622744416942
Secret Independence =  0.2804745313955618
fidelity error =  0.11400775058624127
Secret Independence =  0.28001012899996913
fidelity error =  0.11400359622869898
Secret Independence =  0.2799077677809512
fidelity error =  0.11400267969942729
Secret Independence =  0.27944345112245417
fidelity error =  0.11399861551195986
Secret Independence =  0.2775848322621465
fidelity error =  0.11398228470443172
Secret Independence =  0.2742815085337279
fidelity error =  0.11395301486845297
Secret Independence =  0.2738144325951737
fidelity error =  0.11394899311393028
Secret Independence =  0.2729893589189025
fidelity error =  0.11394187303852947
Secret Independence =  0.27252165164979025
fidelity error =  0.11393783645770486
Secret Independence =  0.2711631189043383
fidelity error =  0.11392607457352505
Secret Independence =  0.2706945706883625
fidelity error =  0.11392203064749545
Secret Independence =  0.2688193289457008
fidelity error =  0.11390577969949528
Secret Independence =  0.26130362856974854
fidelity error =  0.11383958911078551
Secret Independence =  0.2563396951905195
fidelity error =  0.113794946142137
Secret Independence =  0.2558663772662627
fidelity error =  0.11379095637317455
Secret Independence =  0.2539725907746929
fidelity error =  0.11377492054719376
Secret Independence =  0.24850894952331348
fidelity error =  0.11372800845989517
Secret Independence =  0.2480343252139754
fidelity error =  0.11372400587602953
Secret Independence =  0.24613560295446074
fidelity error =  0.11370791801171583
Secret Independence =  0.24470517192747293
fidelity error =  0.11369571809986305
Secret Independence =  0.24423054313584933
fidelity error =  0.11369166940139128
Secret Independence =  0.24340910519754713
fidelity error =  0.11368464394825703
Secret Independence =  0.24293539731410893
fidelity error =  0.11368058206801555
Secret Independence =  0.2424894477256033
fidelity error =  0.11367675098687996
Secret Independence =  0.24201612115181675
fidelity error =  0.11367277979319271
Secret Independence =  0.24012281545458586
fidelity error =  0.11365681688795248
Secret Independence =  0.23817906844553327
fidelity error =  0.11364029869025032
Secret Independence =  0.021658316207214985
fidelity error =  0.10978268200798635
Secret Independence =  0.0397244492382435
fidelity error =  0.1103800399087787
Secret Independence =  0.004775080982943087
fidelity error =  0.10979906312275171
Secret Independence =  0.0033466407746638154
fidelity error =  0.10903824571045058
Secret Independence =  4.861101169314558e-05
fidelity error =  0.1053436832859903
Secret Independence =  6.795259800123018e-06
fidelity error =  0.10496518915225193
Secret Independence =  4.083026346043969e-06
fidelity error =  0.10434414705919387
Secret Independence =  6.543905385857353e-06
fidelity error =  0.10372298959335294
Secret Independence =  3.828661804420832e-05
fidelity error =  0.09818470150661404
Secret Independence =  0.0001273328653429515
fidelity error =  0.08515089484430748
Secret Independence =  0.000421109885054616
fidelity error =  0.058181079016173566
Secret Independence =  0.00016750602598951224
fidelity error =  0.05431740444673152
Secret Independence =  9.026265629231438e-05
fidelity error =  0.03772409856027771
Secret Independence =  5.3467595458886065e-05
fidelity error =  0.03372037236892397
Secret Independence =  4.1300383874940754e-05
fidelity error =  0.02817888074550365
Secret Independence =  0.00026292563907092477
fidelity error =  0.009677220416245597
Secret Independence =  3.735654139871032e-05
fidelity error =  0.018439597681011232
Secret Independence =  0.000203379668846659
fidelity error =  0.006657398615703383
Secret Independence =  3.940626314768823e-05
fidelity error =  0.012025959790238227
Secret Independence =  0.0001992660961194606
fidelity error =  0.007155866413989082
Secret Independence =  2.9012402537976855e-05
fidelity error =  0.010034646346771313
Secret Independence =  0.000253738839821536
fidelity error =  0.0029635962776891813
Secret Independence =  3.647849684979748e-05
fidelity error =  0.006083742977346891
Secret Independence =  6.062427781379894e-05
fidelity error =  0.0033445557067907704
Secret Independence =  1.6453748417839794e-05
fidelity error =  0.00412594745768264
Secret Independence =  9.493705769424842e-06
fidelity error =  0.0034439087116110577
Secret Independence =  1.3991174692766213e-05
fidelity error =  0.0026129726904239392
Secret Independence =  1.0511919092929369e-05
fidelity error =  0.002329470650770373
Secret Independence =  8.540575360507135e-06
fidelity error =  0.0020777409810890718
Secret Independence =  8.726298747237727e-06
fidelity error =  0.001984397382965698
Secret Independence =  8.426748412447469e-06
fidelity error =  0.0019537211634920735
Secret Independence =  8.419028484118357e-06
fidelity error =  0.0019317608876384083
Secret Independence =  8.785382813373558e-06
fidelity error =  0.0018528666609609146
Secret Independence =  9.419300965933527e-06
fidelity error =  0.0017186855395373958
Secret Independence =  1.1499006228033229e-05
fidelity error =  0.0012326943955856115
Secret Independence =  1.300567427648206e-05
fidelity error =  0.0006190919446240715
Secret Independence =  4.975191118919043e-05
fidelity error =  0.00032147259459899824
Secret Independence =  1.3537848492876614e-05
fidelity error =  0.00048311790905673145
Secret Independence =  1.046883559439797e-05
fidelity error =  0.0003405105816481911
Secret Independence =  8.762209118541052e-06
fidelity error =  0.00023332911101848477
Secret Independence =  8.663834456920395e-06
fidelity error =  0.00018476190476210256
Secret Independence =  8.668973968175546e-06
fidelity error =  0.00012902828232927476
Secret Independence =  9.253023033714958e-06
fidelity error =  1.5270045648451315e-05
Secret Independence =  9.31539948973919e-06
fidelity error =  6.119490556151208e-06
Secret Independence =  8.54768464319544e-06
fidelity error =  7.227028279955365e-06
Secret Independence =  8.496195437930457e-06
fidelity error =  5.794255515760382e-06
Secret Independence =  8.489340814503551e-06
fidelity error =  5.450509526924649e-06
Saved → /users/home/gustiani/VeriPulse/data/GRAPE_AVG_p120_det0.00_err0.00-lam0.100-2.json
Secret Independence =  0.49407521649542707
fidelity error =  0.12567466302750052
Secret Independence =  0.4940610144219829
fidelity error =  0.12567311736697573
Secret Independence =  0.4940467660798133
fidelity error =  0.1256715680338153
Secret Independence =  0.4939895405739625
fidelity error =  0.12566537401535988
Secret Independence =  0.4939753119863175
fidelity error =  0.12566384095962763
Secret Independence =  0.49396078792566944
fidelity error =  0.12566226604823058
Secret Independence =  0.493902454919339
fidelity error =  0.12565596976306914
Secret Independence =  0.4936653363196523
fidelity error =  0.12563083844513134
Secret Independence =  0.4935273468869639
fidelity error =  0.12561653957917102
Secret Independence =  0.4935113655712804
fidelity error =  0.1256148544362643
Secret Independence =  0.49344717881908984
fidelity error =  0.1256081175731844
Secret Independence =  0.49330516474584507
fidelity error =  0.12559338621962174
Secret Independence =  0.4932884683347058
fidelity error =  0.12559164782061294
Secret Independence =  0.4932214092802183
fidelity error =  0.12558469808577297
Secret Independence =  0.49294880071743197
fidelity error =  0.12555696099437408
Secret Independence =  0.4925524606669999
fidelity error =  0.12551801169376325
Secret Independence =  0.49253331925695426
fidelity error =  0.12551611642878424
Secret Independence =  0.49245643882255963
fidelity error =  0.12550853966184392
Secret Independence =  0.4921438833217857
fidelity error =  0.1254783013647672
Secret Independence =  0.492120171908736
fidelity error =  0.1254760431405796
Secret Independence =  0.49209963209526614
fidelity error =  0.12547405252544705
Secret Independence =  0.49201713442870376
fidelity error =  0.125466094531546
Secret Independence =  0.4916817325417696
fidelity error =  0.1254343341159277
Secret Independence =  0.49081326272210085
fidelity error =  0.12535611803851732
Secret Independence =  0.4907884222763458
fidelity error =  0.12535387883304677
Secret Independence =  0.49068864915872296
fidelity error =  0.12534492738959496
Secret Independence =  0.4902829803403664
fidelity error =  0.12530920779609367
Secret Independence =  0.49013552130622295
fidelity error =  0.12529648172362928
Secret Independence =  0.490108444883467
fidelity error =  0.12529412587408342
Secret Independence =  0.4899996901267533
fidelity error =  0.12528470834308436
Secret Independence =  0.4899794947426938
fidelity error =  0.12528296738643502
Secret Independence =  0.4899519084140901
fidelity error =  0.12528058678326473
Secret Independence =  0.4898637422584366
fidelity error =  0.1252730086716456
Secret Independence =  0.4898357763596366
fidelity error =  0.12527060925118466
Secret Independence =  0.4897672142975297
fidelity error =  0.12526474607769073
Secret Independence =  0.48973892861612095
fidelity error =  0.12526233587785807
Secret Independence =  0.48962531664801134
fidelity error =  0.1252527012228946
Secret Independence =  0.4894211758506191
fidelity error =  0.12523557131316562
Secret Independence =  0.4893917740207838
fidelity error =  0.12523311865267328
Secret Independence =  0.4892736789081326
fidelity error =  0.12522331421425836
Secret Independence =  0.4891858675785304
fidelity error =  0.1252160720142813
Secret Independence =  0.48915569581917845
fidelity error =  0.12521358117868558
Secret Independence =  0.48903450823949124
fidelity error =  0.1252036241501774
Secret Independence =  0.48863169307468884
fidelity error =  0.12517105982667065
Secret Independence =  0.4885997066763934
fidelity error =  0.12516848522313878
Secret Independence =  0.4885311323147981
fidelity error =  0.12516298219622277
Secret Independence =  0.4884988391255427
fidelity error =  0.12516039171902882
Secret Independence =  0.48848410967684375
fidelity error =  0.12515921180555828
Secret Independence =  0.4884516950732162
fidelity error =  0.12515662721874002
Secret Independence =  0.48832149996524654
fidelity error =  0.12514629541278127
Secret Independence =  0.48826661690436723
fidelity error =  0.1251419635009569
Secret Independence =  0.4882335186820555
fidelity error =  0.12513936075955062
Secret Independence =  0.4881005780121971
fidelity error =  0.12512895627995546
Secret Independence =  0.48756005990329904
fidelity error =  0.12508744231925054
Secret Independence =  0.48682545081634365
fidelity error =  0.12503291986521525
Secret Independence =  0.4867875988125276
fidelity error =  0.12503012045814915
Secret Independence =  0.48663556381882234
fidelity error =  0.12501893008683843
Secret Independence =  0.48601740405417837
fidelity error =  0.12497428493369697
Secret Independence =  0.48490149496006874
fidelity error =  0.12489689914921669
Secret Independence =  0.48485728874194967
fidelity error =  0.12489385991919583
Secret Independence =  0.48467973161769967
fidelity error =  0.12488171124003802
Secret Independence =  0.48396783994913534
fidelity error =  0.12483391248163075
Secret Independence =  0.48392055462361766
fidelity error =  0.12483076171680987
Secret Independence =  0.483730630511785
fidelity error =  0.12481816731582047
Secret Independence =  0.48372430127771904
fidelity error =  0.12481774926889144
Secret Independence =  0.48367622591476067
fidelity error =  0.12481457490173628
Secret Independence =  0.4834831290417214
fidelity error =  0.12480188629092348
Secret Independence =  0.48269803389709065
fidelity error =  0.12475127388490811
Secret Independence =  0.4818322094719524
fidelity error =  0.12469716723956217
Secret Independence =  0.48177792952199466
fidelity error =  0.12469379147143808
Secret Independence =  0.4815599131595717
fidelity error =  0.12468029796522488
Secret Independence =  0.4809889254712266
fidelity error =  0.12464544135226398
Secret Independence =  0.4809319146993676
fidelity error =  0.12464198346364083
Secret Independence =  0.48070293204573394
fidelity error =  0.12462816182325145
Secret Independence =  0.4805534752274516
fidelity error =  0.12461919749139695
Secret Independence =  0.4804950888770647
fidelity error =  0.12461571415148084
Secret Independence =  0.4802605823106
fidelity error =  0.12460179060305729
Secret Independence =  0.4797087132607184
fidelity error =  0.1245694382095367
Secret Independence =  0.4796475638448031
fidelity error =  0.12456587041993802
Secret Independence =  0.47940196090752324
fidelity error =  0.1245516093593005
Secret Independence =  0.4793524010944255
fidelity error =  0.12454874486160407
Secret Independence =  0.479290092389182
fidelity error =  0.12454514675757505
Secret Independence =  0.479039834015745
fidelity error =  0.12453076459848955
Secret Independence =  0.47850661081540824
fidelity error =  0.12450048280873313
Secret Independence =  0.4784415589307136
fidelity error =  0.1244968390855818
Secret Independence =  0.4781802842634878
fidelity error =  0.12448227495988355
Secret Independence =  0.4772433143932072
fidelity error =  0.12443094523507023
Secret Independence =  0.47717416932309525
fidelity error =  0.12442717968492564
Secret Independence =  0.4768964575993553
fidelity error =  0.12441212902057204
Secret Independence =  0.47576754717119807
fidelity error =  0.12435211146567143
Secret Independence =  0.4756863605826649
fidelity error =  0.12434786477496174
Secret Independence =  0.4756121501861996
fidelity error =  0.12434398078808026
Secret Independence =  0.4753140981975925
fidelity error =  0.12432845714427937
Secret Independence =  0.47502243827114377
fidelity error =  0.12431338194606106
Secret Independence =  0.4749461250046509
fidelity error =  0.12430947719752583
Secret Independence =  0.47483444745691716
fidelity error =  0.12430377669470592
Secret Independence =  0.4747575747662086
fidelity error =  0.12429987126466263
Secret Independence =  0.47444883393222287
fidelity error =  0.1242842622605022
Secret Independence =  0.4731939182761547
fidelity error =  0.12422203028729951
Secret Independence =  0.4730342942622162
fidelity error =  0.12421424897729981
Secret Independence =  0.47295157849286534
fidelity error =  0.12421023768523355
Secret Independence =  0.47261937527255093
fidelity error =  0.1241942059429366
Secret Independence =  0.472263827839449
fidelity error =  0.12417718459131075
Secret Independence =  0.47217863412129135
fidelity error =  0.12417312628877192
Secret Independence =  0.47183648164493425
fidelity error =  0.12415690680552306
Secret Independence =  0.4705660570276004
fidelity error =  0.12409775898071004
Secret Independence =  0.4704754517796508
fidelity error =  0.12409362946622833
Secret Independence =  0.47011157181387586
fidelity error =  0.12407712611141358
Secret Independence =  0.4694700741969734
fidelity error =  0.12404834205891517
Secret Independence =  0.46937600833078136
fidelity error =  0.12404416515227032
Secret Independence =  0.4689982356066623
fidelity error =  0.12402747231445439
Secret Independence =  0.46880508927952386
fidelity error =  0.12401898766977128
Secret Independence =  0.468708975116756
fidelity error =  0.12401478916742861
Secret Independence =  0.46832297981437976
fidelity error =  0.12399800968862953
Secret Independence =  0.4675018579636806
fidelity error =  0.12396274063780358
Secret Independence =  0.46740173219323117
fidelity error =  0.12395847690213535
Secret Independence =  0.4673013319066044
fidelity error =  0.12395421504459082
Secret Independence =  0.4668981327873366
fidelity error =  0.1239371819838396
Secret Independence =  0.4662844507275046
fidelity error =  0.12391150510726315
Secret Independence =  0.466180575154323
fidelity error =  0.12390721931893312
Secret Independence =  0.46605832927179797
fidelity error =  0.1239021862065777
Secret Independence =  0.4659538225821242
fidelity error =  0.12389792214677026
Secret Independence =  0.465534139504267
fidelity error =  0.12388088144733056
Secret Independence =  0.4638289964507058
fidelity error =  0.1238129680785519
Secret Independence =  0.4628469148080475
fidelity error =  0.12377477103070272
Secret Independence =  0.46273236535243273
fidelity error =  0.12377037975486385
Secret Independence =  0.4625354689449081
fidelity error =  0.12376285149176312
Secret Independence =  0.46241997772475474
fidelity error =  0.12375843254743199
Secret Independence =  0.4619562026593411
fidelity error =  0.1237407727808495
Secret Independence =  0.4600722498713853
fidelity error =  0.12367039079796487
Secret Independence =  0.4587451917350154
fidelity error =  0.12362205498588157
Secret Independence =  0.45861798225552347
fidelity error =  0.12361750047772448
Secret Independence =  0.4581071749888128
fidelity error =  0.12359929893473237
Secret Independence =  0.4568063601256862
fidelity error =  0.1235535606517889
Secret Independence =  0.45667322766124535
fidelity error =  0.12354893788235209
Secret Independence =  0.4565396929487671
fidelity error =  0.12354431063863233
Secret Independence =  0.4560035016715678
fidelity error =  0.12352581886025388
Secret Independence =  0.45455846528930755
fidelity error =  0.12347666956787602
Secret Independence =  0.4544186143928952
fidelity error =  0.1234719613967977
Secret Independence =  0.4538570799784923
fidelity error =  0.12345314607315633
Secret Independence =  0.4515770119285584
fidelity error =  0.1233781637122016
Secret Independence =  0.45149321662058317
fidelity error =  0.12337544987355575
Secret Independence =  0.45134418698772194
fidelity error =  0.123370655260812
Secret Independence =  0.4507458226017235
fidelity error =  0.12335149396578257
Secret Independence =  0.44831661689317387
fidelity error =  0.1232751245221116
Secret Independence =  0.447432914875709
fidelity error =  0.12324788496813627
Secret Independence =  0.4472718634133711
fidelity error =  0.12324298450946876
Secret Independence =  0.4466252676226463
fidelity error =  0.12322339987350386
Secret Independence =  0.4459897406844574
fidelity error =  0.12320428875958114
Secret Independence =  0.44582455572752855
fidelity error =  0.12319936196561904
Secret Independence =  0.44579994099740433
fidelity error =  0.1231986285745247
Secret Independence =  0.44563425180425487
fidelity error =  0.12319367662991924
Secret Independence =  0.4449690542026618
fidelity error =  0.12317388547983193
Secret Independence =  0.44299969042528087
fidelity error =  0.1231161106244351
Secret Independence =  0.4428259274454354
fidelity error =  0.12311109605303358
Secret Independence =  0.442368728119253
fidelity error =  0.12309794436201998
Secret Independence =  0.442193209105307
fidelity error =  0.12309291484212687
Secret Independence =  0.44148858499481525
fidelity error =  0.12307281349401185
Secret Independence =  0.44104747571319336
fidelity error =  0.12306030188024061
Secret Independence =  0.4408682429401548
fidelity error =  0.1230552816452687
Secret Independence =  0.44014872360026996
fidelity error =  0.12303521802933826
Secret Independence =  0.4395153279750306
fidelity error =  0.12301767333646357
Secret Independence =  0.4393318642134958
fidelity error =  0.12301262718983905
Secret Independence =  0.43914791251617363
fidelity error =  0.12300757679019605
Secret Independence =  0.43861778523078815
fidelity error =  0.12299307189711399
Secret Independence =  0.438431940957087
fidelity error =  0.12298801919097543
Secret Independence =  0.4379145728672331
fidelity error =  0.12297399950435275
Secret Independence =  0.43772679392259295
fidelity error =  0.12296893913443058
Secret Independence =  0.4374306276161543
fidelity error =  0.12296097587964071
Secret Independence =  0.43724156821544186
fidelity error =  0.12295589447866602
Secret Independence =  0.43648264760664107
fidelity error =  0.12293558533007654
Secret Independence =  0.43340433612379836
fidelity error =  0.12285461370464944
Secret Independence =  0.4316373939022418
fidelity error =  0.12280910907863563
Secret Independence =  0.4314322381282112
fidelity error =  0.1228038760551698
Secret Independence =  0.43122656700767237
fidelity error =  0.12279864387777932
Secret Independence =  0.4304010395472291
fidelity error =  0.1227777321263998
Secret Independence =  0.42737917556363003
fidelity error =  0.12270236610734699
Secret Independence =  0.4271624932221457
fidelity error =  0.12269702642429753
Secret Independence =  0.4269375592470085
fidelity error =  0.12269149280487796
Secret Independence =  0.4267198230782623
fidelity error =  0.12268619418215192
Secret Independence =  0.42663585627949163
fidelity error =  0.12268415322122075
Secret Independence =  0.4264173568956625
fidelity error =  0.12267885043225574
Secret Independence =  0.42596434367683067
fidelity error =  0.12266788444100973
Secret Independence =  0.4257443455296087
fidelity error =  0.12266255954754335
Secret Independence =  0.4248613915967693
fidelity error =  0.12264127677647839
Secret Independence =  0.4234387782352681
fidelity error =  0.12260727865492473
Secret Independence =  0.4232121885734795
fidelity error =  0.12260188467210822
Secret Independence =  0.4223028184337721
fidelity error =  0.12258032476981012
Secret Independence =  0.4212928200133676
fidelity error =  0.12255654127114937
Secret Independence =  0.4210606431385715
fidelity error =  0.12255109744486771
Secret Independence =  0.4201288819136867
fidelity error =  0.12252933781079975
Secret Independence =  0.41990129287057976
fidelity error =  0.12252404390312144
Secret Independence =  0.4196657121716086
fidelity error =  0.12251855978297979
Secret Independence =  0.41942952998925864
fidelity error =  0.12251307339390363
Secret Independence =  0.4184817221331081
fidelity error =  0.12249114481850837
Secret Independence =  0.41806250709115106
fidelity error =  0.12248149053561651
Secret Independence =  0.4178222161234327
fidelity error =  0.12247593714167807
Secret Independence =  0.4178100370879778
fidelity error =  0.12247565590636418
Secret Independence =  0.4175692546651565
fidelity error =  0.12247007168089953
Secret Independence =  0.4166030154628917
fidelity error =  0.12244775229139501
Secret Independence =  0.4160766194891011
fidelity error =  0.12243565264889811
Secret Independence =  0.41583155040991515
fidelity error =  0.12243004474293048
Secret Independence =  0.41540033171349017
fidelity error =  0.1224201985663765
Secret Independence =  0.41515367784026225
fidelity error =  0.12241462987028984
Secret Independence =  0.4147727009467884
fidelity error =  0.12240604584077408
Secret Independence =  0.41452466800907406
fidelity error =  0.12240047963003474
Secret Independence =  0.41352938424133917
fidelity error =  0.12237823095877978
Secret Independence =  0.4098358947793108
fidelity error =  0.12229684572793326
Secret Independence =  0.4095755062261982
fidelity error =  0.1222911590945425
Secret Independence =  0.40853072393824824
fidelity error =  0.12226842813886904
Secret Independence =  0.4056928370560691
fidelity error =  0.12220736386793372
Secret Independence =  0.4054225470257878
fidelity error =  0.12220161911675055
Secret Independence =  0.4051516295517384
fidelity error =  0.12219585391585511
Secret Independence =  0.40406468309164023
fidelity error =  0.12217280933998201
Secret Independence =  0.40192953444850377
fidelity error =  0.12212793439672837
Secret Independence =  0.40165040956984754
fidelity error =  0.12212209192724059
Secret Independence =  0.4005305992111812
fidelity error =  0.12209873903949343
Secret Independence =  0.39599905126107243
fidelity error =  0.1220056026050104
Secret Independence =  0.38803835287511657
fidelity error =  0.12184692660857879
Secret Independence =  0.38772807640126905
fidelity error =  0.12184096488339312
Secret Independence =  0.3874171740513547
fidelity error =  0.12183500574949573
Secret Independence =  0.3871666998037181
fidelity error =  0.1218302109529881
Secret Independence =  0.3868546501641746
fidelity error =  0.1218242466719071
Secret Independence =  0.38674787680488015
fidelity error =  0.12182220780887451
Secret Independence =  0.3864352044371893
fidelity error =  0.12181624605727265
Secret Independence =  0.3862461313129683
fidelity error =  0.12181264498060676
Secret Independence =  0.38593258743500913
fidelity error =  0.12180665310069871
Secret Independence =  0.3853198464586609
fidelity error =  0.12179496758260878
Secret Independence =  0.38500438594276926
fidelity error =  0.12178896737717657
Secret Independence =  0.38495835740358125
fidelity error =  0.12178809258929767
Secret Independence =  0.3846424163222228
fidelity error =  0.12178209670830817
Secret Independence =  0.38337528289598016
fidelity error =  0.12175813118353206
Secret Independence =  0.3833424180057775
fidelity error =  0.12175751133572829
Secret Independence =  0.3830232508766246
fidelity error =  0.12175147367540386
Secret Independence =  0.3829287798036086
fidelity error =  0.12174968816056143
Secret Independence =  0.38260927338933504
fidelity error =  0.12174362717793008
Secret Independence =  0.3813278959238604
fidelity error =  0.12171940156781241
Secret Independence =  0.3803109351067518
fidelity error =  0.1217002671876628
Secret Independence =  0.3799864928589862
fidelity error =  0.12169417515777153
Secret Independence =  0.37902163836720715
fidelity error =  0.12167610573088308
Secret Independence =  0.3786946805351946
fidelity error =  0.12166996679775778
Secret Independence =  0.3773835145373614
fidelity error =  0.12164542859536741
Secret Independence =  0.3766275764987611
fidelity error =  0.12163133904518672
Secret Independence =  0.3762958568883801
fidelity error =  0.12162514257268682
Secret Independence =  0.3749656497217686
fidelity error =  0.12160037369871798
Secret Independence =  0.3705208983093575
fidelity error =  0.12151850610344667
Secret Independence =  0.3701772134730936
fidelity error =  0.12151224639755843
Secret Independence =  0.3687991693183108
fidelity error =  0.1214872242415127
Secret Independence =  0.3675483456415758
fidelity error =  0.12146461729271976
Secret Independence =  0.36719930820650143
fidelity error =  0.12145828750753057
Secret Independence =  0.3657998789969691
fidelity error =  0.12143298358659003
Secret Independence =  0.3601507516217144
fidelity error =  0.1213320166934728
Secret Independence =  0.35929090185463275
fidelity error =  0.12131680886002527
Secret Independence =  0.3589270561032332
fidelity error =  0.12131037224623543
Secret Independence =  0.35856315821251883
fidelity error =  0.1213039179380606
Secret Independence =  0.35769690323058045
fidelity error =  0.12128858243408067
Secret Independence =  0.35733119614434855
fidelity error =  0.1212821199090084
Secret Independence =  0.3570544358820085
fidelity error =  0.12127723386167502
Secret Independence =  0.3566878846927013
fidelity error =  0.12127076116939078
Secret Independence =  0.35632071098214013
fidelity error =  0.12126429851485095
Secret Independence =  0.3548488620847562
fidelity error =  0.12123846332667979
Secret Independence =  0.34952576316925177
fidelity error =  0.1211459491920876
Secret Independence =  0.3491469992251024
fidelity error =  0.12113946610430698
Secret Independence =  0.3476288869801417
fidelity error =  0.1211135502785706
Secret Independence =  0.34453955785111245
fidelity error =  0.12106114592184761
Secret Independence =  0.3441530736189341
fidelity error =  0.12105468956677545
Secret Independence =  0.3440844299388754
fidelity error =  0.12105354354938946
Secret Independence =  0.34369759643721004
fidelity error =  0.1210470874881902
Secret Independence =  0.3436918742373598
fidelity error =  0.12104699203652622
Secret Independence =  0.3433051417594568
fidelity error =  0.12104050745096037
Secret Independence =  0.3417552629983486
fidelity error =  0.12101458403099452
Secret Independence =  0.3369074441733839
fidelity error =  0.12093414732279172
Secret Independence =  0.33651064634715366
fidelity error =  0.12092763285827993
Secret Independence =  0.33553252086163987
fidelity error =  0.12091160042031207
Secret Independence =  0.3351339926032736
fidelity error =  0.12090509109184076
Secret Independence =  0.33374706284444045
fidelity error =  0.12088248527757628
Secret Independence =  0.3333461824551275
fidelity error =  0.12087592138719033
Secret Independence =  0.33173988985419983
fidelity error =  0.12084968041390773
Secret Independence =  0.3306744735231052
fidelity error =  0.12083232773207753
Secret Independence =  0.3302695253792467
fidelity error =  0.12082570356718922
Secret Independence =  0.3288782514890664
fidelity error =  0.12080298936490376
Secret Independence =  0.3284709883445548
fidelity error =  0.1207963047397865
Secret Independence =  0.3273271589558147
fidelity error =  0.12077756119903568
Secret Independence =  0.3269182478278476
fidelity error =  0.12077086555235386
Secret Independence =  0.3252799662778365
fidelity error =  0.12074409526588055
Secret Independence =  0.32511584455230685
fidelity error =  0.12074141829350807
Secret Independence =  0.32470423131726533
fidelity error =  0.1207346874965904
Secret Independence =  0.3242921001609153
fidelity error =  0.12072795866244992
Secret Independence =  0.3226409958033872
fidelity error =  0.12070105510456687
Secret Independence =  0.32223483914867507
fidelity error =  0.12069445017338645
Secret Independence =  0.3218205111902581
fidelity error =  0.12068770859188024
Secret Independence =  0.3214057908917659
fidelity error =  0.12068100289871643
Secret Independence =  0.31974440941296184
fidelity error =  0.12065419168386643
Secret Independence =  0.3182297549392562
fidelity error =  0.12062981988146633
Secret Independence =  0.31781152056152706
fidelity error =  0.12062304335861596
Secret Independence =  0.31743380124372955
fidelity error =  0.12061692752094072
Secret Independence =  0.3170149697572203
fidelity error =  0.12061013528007337
Secret Independence =  0.31672809018584
fidelity error =  0.12060548585811255
Secret Independence =  0.3163085987386878
fidelity error =  0.1205986479063116
Secret Independence =  0.3154158598535454
fidelity error =  0.12058411246573539
Secret Independence =  0.31499519920437924
fidelity error =  0.1205772280658606
Secret Independence =  0.3133102295761249
fidelity error =  0.12054970111346805
Secret Independence =  0.31294415008962034
fidelity error =  0.1205437307769474
Secret Independence =  0.3125208733798987
fidelity error =  0.12053682951521605
Secret Independence =  0.3119952010465715
fidelity error =  0.12052826538281819
Secret Independence =  0.311571053333203
fidelity error =  0.1205213156500167
Secret Independence =  0.30987222064360276
fidelity error =  0.12049352676538068
Secret Independence =  0.30978718728213683
fidelity error =  0.12049213777182674
Secret Independence =  0.309360817685956
fidelity error =  0.12048517318646887
Secret Independence =  0.307653154389134
fidelity error =  0.12045732481775445
Secret Independence =  0.3065646075646006
fidelity error =  0.12043961060217975
Secret Independence =  0.3061352191212602
fidelity error =  0.12043263760890761
Secret Independence =  0.30441556831551964
fidelity error =  0.12040475629904442
Secret Independence =  0.30322137785699144
fidelity error =  0.12038543603977366
Secret Independence =  0.3027890168772636
fidelity error =  0.12037845601909469
Secret Independence =  0.30105756953149343
fidelity error =  0.12035054730331889
Secret Independence =  0.3009632640881249
fidelity error =  0.12034902921190134
Secret Independence =  0.300529129420263
fidelity error =  0.1203420215962237
Secret Independence =  0.2995697446208446
fidelity error =  0.12032655132450126
Secret Independence =  0.2991345563506377
fidelity error =  0.120319602125579
Secret Independence =  0.2977494092513485
fidelity error =  0.12029751282660109
Secret Independence =  0.29731319826955244
fidelity error =  0.12029062783311412
Secret Independence =  0.295566515752051
fidelity error =  0.12026310368903838
Secret Independence =  0.2926125074602248
fidelity error =  0.12021671493617064
Secret Independence =  0.29217267001657155
fidelity error =  0.12020987849304851
Secret Independence =  0.2909842482264495
fidelity error =  0.12019142878176244
Secret Independence =  0.290543294800814
fidelity error =  0.12018454687437896
Secret Independence =  0.2887778486625152
fidelity error =  0.12015703685625215
Secret Independence =  0.28506275938188236
fidelity error =  0.12009936714387068
Secret Independence =  0.28461820733815346
fidelity error =  0.12009254586299054
Secret Independence =  0.28400362150840264
fidelity error =  0.12008312253829903
Secret Independence =  0.2835585860252192
fidelity error =  0.12007628921761321
Secret Independence =  0.2817770308084989
fidelity error =  0.12004897516571858
Secret Independence =  0.2792211440127029
fidelity error =  0.12000990188481414
Secret Independence =  0.2787734130644671
fidelity error =  0.12000304564952269
Secret Independence =  0.2772476371993172
fidelity error =  0.11997970923992414
Secret Independence =  0.27679923480964236
fidelity error =  0.1199728394977548
Secret Independence =  0.27538978388997865
fidelity error =  0.11995126908949015
Secret Independence =  0.2749405808632609
fidelity error =  0.11994446443008597
Secret Independence =  0.2737457036588302
fidelity error =  0.11992638105942757
Secret Independence =  0.27329574973450704
fidelity error =  0.11991962086801562
Secret Independence =  0.2728456728454584
fidelity error =  0.11991286076370058
Secret Independence =  0.2710442912337283
fidelity error =  0.11988583810282244
Secret Independence =  0.2638233969933659
fidelity error =  0.11977804227126591
Secret Independence =  0.26273386489822737
fidelity error =  0.11976184763564554
Secret Independence =  0.2622798258452844
fidelity error =  0.11975507110934167
Secret Independence =  0.2616047290350597
fidelity error =  0.11974500103583326
Secret Independence =  0.2611512958914882
fidelity error =  0.11973819066998279
Secret Independence =  0.25933688814235367
fidelity error =  0.11971096859313146
Secret Independence =  0.25689735626894694
fidelity error =  0.11967444068716263
Secret Independence =  0.2564429492888444
fidelity error =  0.11966756658599834
Secret Independence =  0.2559885130121766
fidelity error =  0.11966067090953678
Secret Independence =  0.25553424983719786
fidelity error =  0.11965376852062518
Secret Independence =  0.25371671270551643
fidelity error =  0.1196261790376465
Secret Independence =  0.2517918608582538
fidelity error =  0.11959700758268668
Secret Independence =  0.25133776999746077
fidelity error =  0.11959008529720422
Secret Independence =  0.24952107284037459
fidelity error =  0.11956241600395467
Secret Independence =  0.24698451512415526
fidelity error =  0.11952384815830495
Secret Independence =  0.24653081671898605
fidelity error =  0.11951688046011605
Secret Independence =  0.2447158602215151
fidelity error =  0.11948902862749955
Secret Independence =  0.2439845225450068
fidelity error =  0.119477815276045
Secret Independence =  0.24353078984815527
fidelity error =  0.1194708670901122
Secret Independence =  0.24307756812340092
fidelity error =  0.11946388302012471
Secret Independence =  0.24262450437127706
fidelity error =  0.11945689998959773
Secret Independence =  0.24081222064521754
fidelity error =  0.11942899037030101
Secret Independence =  0.2386465685162537
fidelity error =  0.11939568594173383
Secret Independence =  0.00874003533299191
fidelity error =  0.11564276900749638
Secret Independence =  0.006115973075622399
fidelity error =  0.11559007174675498
Secret Independence =  0.003543063944985129
fidelity error =  0.11589492619815217
Secret Independence =  0.00043166617978603777
fidelity error =  0.11702799477357731
Secret Independence =  5.26513104985353e-05
fidelity error =  0.11702539310232868
Secret Independence =  1.1820588420259534e-05
fidelity error =  0.11681826895892726
Secret Independence =  8.146894296789647e-06
fidelity error =  0.11648075735773641
Secret Independence =  1.0550430007366813e-05
fidelity error =  0.11551087155309825
Secret Independence =  2.7574362755789387e-05
fidelity error =  0.11267612249962
Secret Independence =  9.177211828443527e-05
fidelity error =  0.10431163231610245
Secret Independence =  0.0001866213209903102
fidelity error =  0.0899010071546564
Secret Independence =  0.0004304633821821787
fidelity error =  0.058040599704920245
Secret Independence =  0.00029893785233305693
fidelity error =  0.04184329831780161
Secret Independence =  8.840095847657046e-05
fidelity error =  0.02671305602380282
Secret Independence =  3.902042824357909e-05
fidelity error =  0.01963146441834817
Secret Independence =  4.008165456438146e-05
fidelity error =  0.013352404614663416
Secret Independence =  4.766167212649562e-05
fidelity error =  0.006805167750167379
Secret Independence =  2.92891292300277e-05
fidelity error =  0.00407196067819025
Secret Independence =  1.3972193923630776e-05
fidelity error =  0.002331455689029499
Secret Independence =  1.1554494802135732e-05
fidelity error =  0.0013675218884322536
Secret Independence =  9.28345390147236e-06
fidelity error =  0.0012326910131660403
Secret Independence =  9.205308262543219e-06
fidelity error =  0.0010137266146352307
Secret Independence =  8.768602956005613e-06
fidelity error =  0.0007837528071334309
Secret Independence =  1.5189178434626105e-05
fidelity error =  0.0006770186596459166
Secret Independence =  8.856896798451522e-06
fidelity error =  0.0007129032678508858
Secret Independence =  8.173097796573534e-06
fidelity error =  0.0006794137822984832
Secret Independence =  8.15695446867854e-06
fidelity error =  0.0006733239213745183
Secret Independence =  8.155890498235466e-06
fidelity error =  0.0006653662945452205
Secret Independence =  8.942767966275408e-06
fidelity error =  0.0004662732683474899
Secret Independence =  9.224783959398302e-06
fidelity error =  0.0003237013793482524
Secret Independence =  1.2488910441454706e-05
fidelity error =  7.693426181204225e-06
Secret Independence =  8.536119572268071e-06
fidelity error =  5.917605530411919e-06
Secret Independence =  7.893260216916437e-06
fidelity error =  6.278372142074363e-06
Secret Independence =  7.81070049001956e-06
fidelity error =  5.9853741946388616e-06
Secret Independence =  7.80676184546362e-06
fidelity error =  5.689422966661593e-06
Saved → /users/home/gustiani/VeriPulse/data/GRAPE_AVG_p120_det0.00_err0.00-lam0.100-3.json
Secret Independence =  0.49268258625759215
fidelity error =  0.13693340410963994
Secret Independence =  0.49266365811487417
fidelity error =  0.1369480911829423
Secret Independence =  0.4926446713211673
fidelity error =  0.13696279549752705
Secret Independence =  0.4925684323154367
fidelity error =  0.1370216050958421
Secret Independence =  0.4922588115294566
fidelity error =  0.13725672009771053
Secret Independence =  0.4917866145054801
fidelity error =  0.1376045321193178
Secret Independence =  0.4917649100166252
fidelity error =  0.13762000215779294
Secret Independence =  0.49167775591572416
fidelity error =  0.137681873708775
Secret Independence =  0.49141584423823437
fidelity error =  0.13786547831462126
Secret Independence =  0.4913930058344371
fidelity error =  0.13788122630901378
Secret Independence =  0.49134230828546
fidelity error =  0.1379160940728532
Secret Independence =  0.4913192556473992
fidelity error =  0.1379318807441932
Secret Independence =  0.49122668707495476
fidelity error =  0.13799501833389782
Secret Independence =  0.4911162903364553
fidelity error =  0.13806979167016997
Secret Independence =  0.49109255587568523
fidelity error =  0.13808572959532794
Secret Independence =  0.49099724905517
fidelity error =  0.13814947189570975
Secret Independence =  0.4906101247702083
fidelity error =  0.13840428957800802
Secret Independence =  0.49014420376921586
fidelity error =  0.1387027668634227
Secret Independence =  0.49011744148812975
fidelity error =  0.13871942246531377
Secret Independence =  0.49000997398008783
fidelity error =  0.13878603457188304
Secret Independence =  0.4895734179512551
fidelity error =  0.13905231687173358
Secret Independence =  0.4892832822760334
fidelity error =  0.13922564013614713
Secret Independence =  0.4892538227120632
fidelity error =  0.13924288511627828
Secret Independence =  0.48913552198781
fidelity error =  0.13931185394288254
Secret Independence =  0.4886549292120466
fidelity error =  0.1395875502577941
Secret Independence =  0.4866149552479088
fidelity error =  0.14068737650699503
Secret Independence =  0.486393769490724
fidelity error =  0.140800605640031
Secret Independence =  0.4863552115932349
fidelity error =  0.14081958761178626
Secret Independence =  0.48620036900745567
fidelity error =  0.1408955016252313
Secret Independence =  0.4855712382946821
fidelity error =  0.14119893356855934
Secret Independence =  0.48289957978637044
fidelity error =  0.14240893925342288
Secret Independence =  0.48202215050428526
fidelity error =  0.1427824554446671
Secret Independence =  0.48196973860770853
fidelity error =  0.1428035168593225
Secret Independence =  0.48175925457470925
fidelity error =  0.14288774504738516
Secret Independence =  0.4811616736072028
fidelity error =  0.14312387126058465
Secret Independence =  0.4811065246090982
fidelity error =  0.14314528756741354
Secret Independence =  0.4808850481256792
fidelity error =  0.1432309346926361
Secret Independence =  0.4799850841244939
fidelity error =  0.14357323013476964
Secret Independence =  0.47885388870710277
fidelity error =  0.14399123791295781
Secret Independence =  0.47879141051533886
fidelity error =  0.14401349931614393
Secret Independence =  0.4785404993061059
fidelity error =  0.14410252531259266
Secret Independence =  0.4783522039259384
fidelity error =  0.1441689449614878
Secret Independence =  0.4782881739259385
fidelity error =  0.1441913770535454
Secret Independence =  0.4780310320096917
fidelity error =  0.14428108529514244
Secret Independence =  0.4776600376578044
fidelity error =  0.1444094646912325
Secret Independence =  0.4775938323438532
fidelity error =  0.1444321354269168
Secret Independence =  0.47732795571495223
fidelity error =  0.14452279753554242
Secret Independence =  0.47627252212143434
fidelity error =  0.14487685855191484
Secret Independence =  0.4762019203221365
fidelity error =  0.1448999955107415
Secret Independence =  0.47591838877991965
fidelity error =  0.14499252168367469
Secret Independence =  0.47557274453582865
fidelity error =  0.14510448615763433
Secret Independence =  0.4754999753184752
fidelity error =  0.1451278373868177
Secret Independence =  0.4752077415660481
fidelity error =  0.1452212200236458
Secret Independence =  0.47489053624171007
fidelity error =  0.1453218800458374
Secret Independence =  0.47481564182975156
fidelity error =  0.14534544161000754
Secret Independence =  0.4745148748082637
fidelity error =  0.1454396654451794
Secret Independence =  0.47329282967250264
fidelity error =  0.14581619696242937
Secret Independence =  0.47134763392574597
fidelity error =  0.14639611742765427
Secret Independence =  0.4712615681334149
fidelity error =  0.14642066113576935
Secret Independence =  0.470915942858089
fidelity error =  0.14651881163533154
Secret Independence =  0.47066678114215094
fidelity error =  0.14658916382569903
Secret Independence =  0.47057862380892
fidelity error =  0.14661384558653187
Secret Independence =  0.47022460058854354
fidelity error =  0.14671254818327423
Secret Independence =  0.46878627764658065
fidelity error =  0.14710696117213565
Secret Independence =  0.46591383690584104
fidelity error =  0.14786546638412312
Secret Independence =  0.46581076344093747
fidelity error =  0.1478913204138136
Secret Independence =  0.46539685277057896
fidelity error =  0.14799470989371194
Secret Independence =  0.4637154385992436
fidelity error =  0.14840783391416537
Secret Independence =  0.4625705466919994
fidelity error =  0.14868313311863401
Secret Independence =  0.4624571520694479
fidelity error =  0.14870970194112487
Secret Independence =  0.46234345015567424
fidelity error =  0.14873629064484378
Secret Independence =  0.46188687657238414
fidelity error =  0.14884261627014128
Secret Independence =  0.4617881970002428
fidelity error =  0.14886550436692836
Secret Independence =  0.4616724826104824
fidelity error =  0.1488922348301857
Secret Independence =  0.46120783184532177
fidelity error =  0.14899912740332893
Secret Independence =  0.45932066008489153
fidelity error =  0.14942622027240193
Secret Independence =  0.45709360308585456
fidelity error =  0.14991656357527916
Secret Independence =  0.4569635587171099
fidelity error =  0.14994413551092386
Secret Independence =  0.4568331653684231
fidelity error =  0.1499717248156236
Secret Independence =  0.4563095974228957
fidelity error =  0.1500820507068923
Secret Independence =  0.4544518446178442
fidelity error =  0.1504678392458701
Secret Independence =  0.4543138265767354
fidelity error =  0.15049582941810438
Secret Independence =  0.4541754092777806
fidelity error =  0.15052382847462287
Secret Independence =  0.4540570146196411
fidelity error =  0.15054774111408412
Secret Independence =  0.4539179085370254
fidelity error =  0.1505757362189871
Secret Independence =  0.4537784065714465
fidelity error =  0.15060373618455353
Secret Independence =  0.45367517937023305
fidelity error =  0.15062442595155212
Secret Independence =  0.4535350293364294
fidelity error =  0.1506524717272611
Secret Independence =  0.45297230573079106
fidelity error =  0.15076462323916973
Secret Independence =  0.4526272480308321
fidelity error =  0.15083303656519786
Secret Independence =  0.4524839663906192
fidelity error =  0.1508612132603654
Secret Independence =  0.4519086754240421
fidelity error =  0.15097388805884585
Secret Independence =  0.44957306700875094
fidelity error =  0.15142406375922052
Secret Independence =  0.4495025287596433
fidelity error =  0.1514374841158875
Secret Independence =  0.4493499444055762
fidelity error =  0.15146613552565463
Secret Independence =  0.4487373257514461
fidelity error =  0.15158070793185327
Secret Independence =  0.4480250439441018
fidelity error =  0.15171300487038913
Secret Independence =  0.44786810929701315
fidelity error =  0.15174187424148253
Secret Independence =  0.4472380360658361
fidelity error =  0.15185731821528553
Secret Independence =  0.44707242299799144
fidelity error =  0.15188754054560916
Secret Independence =  0.4469127207047952
fidelity error =  0.15191654816680705
Secret Independence =  0.44627154387853535
fidelity error =  0.15203254501168828
Secret Independence =  0.4436691843485865
fidelity error =  0.1524959805599748
Secret Independence =  0.4421082445215622
fidelity error =  0.15276855189699173
Secret Independence =  0.4419341018108945
fidelity error =  0.15279820620589774
Secret Independence =  0.4412349960005556
fidelity error =  0.15291678766409525
Secret Independence =  0.4401363112796604
fidelity error =  0.1531016604627522
Secret Independence =  0.43995648850057356
fidelity error =  0.15313153758168685
Secret Independence =  0.4392345974522113
fidelity error =  0.15325101019156867
Secret Independence =  0.4379690359363181
fidelity error =  0.15345868734996973
Secret Independence =  0.4377830610331275
fidelity error =  0.15348876927876076
Secret Independence =  0.43703649310749293
fidelity error =  0.15360906107347605
Secret Independence =  0.43701457235277696
fidelity error =  0.15361258186764393
Secret Independence =  0.436825901344218
fidelity error =  0.15364278516162216
Secret Independence =  0.4360685205556679
fidelity error =  0.15376356239898264
Secret Independence =  0.4334571829002085
fidelity error =  0.1541744147426828
Secret Independence =  0.4332586110081468
fidelity error =  0.15420498853706535
Secret Independence =  0.43246152893541434
fidelity error =  0.15432724592848945
Secret Independence =  0.4324532112278005
fidelity error =  0.15432851778979995
Secret Independence =  0.43225193776766957
fidelity error =  0.15435919908571608
Secret Independence =  0.4321233992643373
fidelity error =  0.15437876851320845
Secret Independence =  0.4319213254109545
fidelity error =  0.15440941872477965
Secret Independence =  0.4311102033349567
fidelity error =  0.15453198140832644
Secret Independence =  0.4299904766752019
fidelity error =  0.1546999674861448
Secret Independence =  0.4297825824299825
fidelity error =  0.15473084149928565
Secret Independence =  0.42894812401180893
fidelity error =  0.15485429936742245
Secret Independence =  0.4288054986414077
fidelity error =  0.15487532675578047
Secret Independence =  0.428594382527972
fidelity error =  0.15490633063167392
Secret Independence =  0.4283828133081591
fidelity error =  0.1549373628183616
Secret Independence =  0.4275336232732688
fidelity error =  0.15506145419968587
Secret Independence =  0.4240906568147748
fidelity error =  0.1555572019612915
Secret Independence =  0.42324868927412507
fidelity error =  0.15567670342913842
Secret Independence =  0.4230226699005296
fidelity error =  0.1557082426793968
Secret Independence =  0.4221155509453526
fidelity error =  0.15583436220945712
Secret Independence =  0.4190658755830371
fidelity error =  0.15625310208042792
Secret Independence =  0.41882883306554286
fidelity error =  0.1562850096481173
Secret Independence =  0.41787753300072583
fidelity error =  0.1564126029038595
Secret Independence =  0.4152777690460716
fidelity error =  0.15675764692850908
Secret Independence =  0.41503085145105567
fidelity error =  0.15678981102095896
Secret Independence =  0.4142182236192536
fidelity error =  0.15689534623330215
Secret Independence =  0.4139688052940473
fidelity error =  0.1569275781149196
Secret Independence =  0.4137187985242914
fidelity error =  0.1569598113154691
Secret Independence =  0.4132835774639688
fidelity error =  0.15701581625196426
Secret Independence =  0.4130319694200464
fidelity error =  0.15704810811634254
Secret Independence =  0.41287674272456687
fidelity error =  0.15706800768088358
Secret Independence =  0.41262421820882644
fidelity error =  0.1571002805070746
Secret Independence =  0.4116108864650201
fidelity error =  0.15722933483411705
Secret Independence =  0.4110942509488886
fidelity error =  0.157294857331465
Secret Independence =  0.4108373205384152
fidelity error =  0.15732727569031885
Secret Independence =  0.4098063387511534
fidelity error =  0.15745691270978457
Secret Independence =  0.4088873074673121
fidelity error =  0.15757187670815248
Secret Independence =  0.4086251306899055
fidelity error =  0.15760441504444306
Secret Independence =  0.40757313807192286
fidelity error =  0.157734530974616
Secret Independence =  0.40588535141268767
fidelity error =  0.15794182264581086
Secret Independence =  0.40561574774462783
fidelity error =  0.15797454517544862
Secret Independence =  0.4052667085568657
fidelity error =  0.15801684355204287
Secret Independence =  0.4049959259263047
fidelity error =  0.1580495626731247
Secret Independence =  0.40390946799170013
fidelity error =  0.15818040084486296
Secret Independence =  0.40367569658572633
fidelity error =  0.1582084617580486
Secret Independence =  0.4034010801679815
fidelity error =  0.15824123629531103
Secret Independence =  0.40229926738008925
fidelity error =  0.15837229610626735
Secret Independence =  0.40160991557903725
fidelity error =  0.1584539417021137
Secret Independence =  0.4013304390687957
fidelity error =  0.15848686090811992
Secret Independence =  0.40077026815127254
fidelity error =  0.1585527122718002
Secret Independence =  0.40048893930312923
fidelity error =  0.15858560483671466
Secret Independence =  0.3993602492338575
fidelity error =  0.15871713730734544
Secret Independence =  0.3947922108630272
fidelity error =  0.15924263290405297
Secret Independence =  0.39053811232030905
fidelity error =  0.15972265318869333
Secret Independence =  0.39023305650537343
fidelity error =  0.159756129425562
Secret Independence =  0.38997787062726386
fidelity error =  0.15978410103934682
Secret Independence =  0.3896719582372913
fidelity error =  0.15981756095805827
Secret Independence =  0.3891280377558953
fidelity error =  0.15987695114942246
Secret Independence =  0.38882026814392606
fidelity error =  0.15991043574700303
Secret Independence =  0.38758573659112294
fidelity error =  0.1600443361189417
Secret Independence =  0.3866680628135534
fidelity error =  0.16014344540107037
Secret Independence =  0.38635521530249567
fidelity error =  0.16017700351727177
Secret Independence =  0.38510037168446626
fidelity error =  0.1603111969003042
Secret Independence =  0.38256193180223363
fidelity error =  0.16058069348563214
Secret Independence =  0.3822405780666037
fidelity error =  0.1606143884038722
Secret Independence =  0.38095171418659957
fidelity error =  0.16074912641756647
Secret Independence =  0.3757420161748319
fidelity error =  0.16128737574073038
Secret Independence =  0.3723858610157883
fidelity error =  0.16162894978609868
Secret Independence =  0.3720433921119952
fidelity error =  0.16166306144686707
Secret Independence =  0.37067007647762185
fidelity error =  0.16179946612197246
Secret Independence =  0.3701229026697159
fidelity error =  0.16185364437552985
Secret Independence =  0.3697761343646634
fidelity error =  0.16188785867608854
Secret Independence =  0.36861551341774745
fidelity error =  0.1620020978832863
Secret Independence =  0.3682659987198207
fidelity error =  0.16203638706844506
Secret Independence =  0.3668645224471879
fidelity error =  0.16217350409780412
Secret Independence =  0.36593349026134747
fidelity error =  0.16226426598340465
Secret Independence =  0.3655790066087667
fidelity error =  0.16229866761453754
Secret Independence =  0.3641576738309049
fidelity error =  0.16243623497647305
Secret Independence =  0.36140855660563975
fidelity error =  0.1627006711205351
Secret Independence =  0.36104604552972624
fidelity error =  0.16273514729978256
Secret Independence =  0.3606829415565251
fidelity error =  0.16276959184838055
Secret Independence =  0.36031934719466374
fidelity error =  0.16280397223815452
Secret Independence =  0.35886162244186626
fidelity error =  0.16294145367988033
Secret Independence =  0.3529783776134392
fidelity error =  0.16349069356303325
Secret Independence =  0.35289578500804575
fidelity error =  0.16349834187432372
Secret Independence =  0.35251846117491514
fidelity error =  0.16353294666884038
Secret Independence =  0.35214060827403504
fidelity error =  0.16356757484219697
Secret Independence =  0.3517622565371493
fidelity error =  0.163602229528097
Secret Independence =  0.350245596360072
fidelity error =  0.16374080968028082
Secret Independence =  0.3499369527751254
fidelity error =  0.16376894563632827
Secret Independence =  0.3495549800010481
fidelity error =  0.16380366019467194
Secret Independence =  0.3489675453609021
fidelity error =  0.16385698288563091
Secret Independence =  0.3485843778266293
fidelity error =  0.16389169750716054
Secret Independence =  0.34709613997070005
fidelity error =  0.16402621914062454
Secret Independence =  0.34671024827186875
fidelity error =  0.16406096311710766
Secret Independence =  0.3463237297075096
fidelity error =  0.16409571248965343
Secret Independence =  0.345856293531471
fidelity error =  0.16413769360396413
Secret Independence =  0.34546841330191086
fidelity error =  0.1641724394910799
Secret Independence =  0.34391373589981705
fidelity error =  0.16431138607883947
Secret Independence =  0.34375622072358325
fidelity error =  0.16432543540272915
Secret Independence =  0.34336507687753937
fidelity error =  0.1643601773762827
Secret Independence =  0.3425550418975446
fidelity error =  0.16443202603720986
Secret Independence =  0.3421622405442778
fidelity error =  0.16446682337613205
Secret Independence =  0.3405879308562994
fidelity error =  0.16460597742179045
Secret Independence =  0.3394905428230567
fidelity error =  0.16470268574228597
Secret Independence =  0.3390929906011255
fidelity error =  0.1647375287772984
Secret Independence =  0.33749972589758603
fidelity error =  0.1648768655356257
Secret Independence =  0.33513123962771785
fidelity error =  0.16508311583026192
Secret Independence =  0.3347274802811454
fidelity error =  0.16511801186694294
Secret Independence =  0.3331094696673602
fidelity error =  0.16525755904426065
Secret Independence =  0.3312338996183871
fidelity error =  0.16541873939591156
Secret Independence =  0.3308246226877461
fidelity error =  0.1654536541163198
Secret Independence =  0.329184615368781
fidelity error =  0.16559327652230957
Secret Independence =  0.32756775074936284
fidelity error =  0.1657304898966465
Secret Independence =  0.32715343140843367
fidelity error =  0.1657654090844031
Secret Independence =  0.326606810759888
fidelity error =  0.16581143663629144
Secret Independence =  0.3261913227395338
fidelity error =  0.16584632094949958
Secret Independence =  0.32452656423389775
fidelity error =  0.16598582195475226
Secret Independence =  0.3243956732037917
fidelity error =  0.1659967718672255
Secret Independence =  0.3239774885438346
fidelity error =  0.16603171758463753
Secret Independence =  0.32268269921155124
fidelity error =  0.1661397487835261
Secret Independence =  0.32226253948335765
fidelity error =  0.16617474929471995
Secret Independence =  0.3215226787629297
fidelity error =  0.16623631845549505
Secret Independence =  0.32110163642594525
fidelity error =  0.1662712807721551
Secret Independence =  0.319414787069501
fidelity error =  0.16641109496223927
Secret Independence =  0.31578766221955656
fidelity error =  0.16671036071488304
Secret Independence =  0.31536031941234954
fidelity error =  0.16674532955436422
Secret Independence =  0.3149329606060395
fidelity error =  0.16678027998422007
Secret Independence =  0.31322100728000574
fidelity error =  0.1669200449487212
Secret Independence =  0.30829368064995644
fidelity error =  0.16732020157156752
Secret Independence =  0.3078585318857416
fidelity error =  0.16735521403967218
Secret Independence =  0.3076525288097163
fidelity error =  0.1673717813357105
Secret Independence =  0.3072169019616973
fidelity error =  0.1674068118697127
Secret Independence =  0.3061718512330771
fidelity error =  0.16749075735105842
Secret Independence =  0.30573493943955227
fidelity error =  0.16752583274294358
Secret Independence =  0.3049530447693407
fidelity error =  0.16758854866396783
Secret Independence =  0.30451550707190395
fidelity error =  0.16762357360203445
Secret Independence =  0.30276312070898115
fidelity error =  0.16776363606503975
Secret Independence =  0.2991059582716722
fidelity error =  0.1680548496160341
Secret Independence =  0.2986635126773397
fidelity error =  0.16808978386971565
Secret Independence =  0.2968916754498042
fidelity error =  0.1682294783795748
Secret Independence =  0.2956959106732751
fidelity error =  0.16832357150110358
Secret Independence =  0.29525100119094333
fidelity error =  0.16835844539586794
Secret Independence =  0.29491248939590686
fidelity error =  0.16838496616548904
Secret Independence =  0.294467553462078
fidelity error =  0.16841978164989488
Secret Independence =  0.29268589018155183
fidelity error =  0.1685589990039099
Secret Independence =  0.28958810600978935
fidelity error =  0.16880032886829535
Secret Independence =  0.28913901638517103
fidelity error =  0.16883516266566953
Secret Independence =  0.28734089971182797
fidelity error =  0.16897445278536177
Secret Independence =  0.28313608392289336
fidelity error =  0.16929907014179457
Secret Independence =  0.2826826313891294
fidelity error =  0.16933382944070502
Secret Independence =  0.2811346261220372
fidelity error =  0.1694523653680958
Secret Independence =  0.2806802491424957
fidelity error =  0.16948707381562977
Secret Independence =  0.2790398989297048
fidelity error =  0.16961223898395267
Secret Independence =  0.27858425394357533
fidelity error =  0.16964691028142545
Secret Independence =  0.2781289253777588
fidelity error =  0.16968156515169214
Secret Independence =  0.277673318384645
fidelity error =  0.16971621614313076
Secret Independence =  0.27584950195636404
fidelity error =  0.16985477048248537
Secret Independence =  0.27420968209268526
fidelity error =  0.1699791378820349
Secret Independence =  0.27375189411296463
fidelity error =  0.17001370511224725
Secret Independence =  0.27191948127188914
fidelity error =  0.17015192355544936
Secret Independence =  0.26457160641558874
fidelity error =  0.17070391991307898
Secret Independence =  0.26355362414172223
fidelity error =  0.1707801214880469
Secret Independence =  0.2630915389992655
fidelity error =  0.17081449272132831
Secret Independence =  0.2626294454952733
fidelity error =  0.1708488811685473
Secret Independence =  0.26106097989012456
fidelity error =  0.17096551522421044
Secret Independence =  0.2605983577123224
fidelity error =  0.17099988855986928
Secret Independence =  0.2605811831357274
fidelity error =  0.1710011644271152
Secret Independence =  0.26011847205689986
fidelity error =  0.17103552048969495
Secret Independence =  0.25826683593012695
fidelity error =  0.17117289035339123
Secret Independence =  0.256773352990294
fidelity error =  0.17128355980604815
Secret Independence =  0.2563095551594511
fidelity error =  0.17131777423681085
Secret Independence =  0.25445370330652733
fidelity error =  0.17145457592657315
Secret Independence =  0.2513497154419454
fidelity error =  0.17168301755902726
Secret Independence =  0.2508852113332412
fidelity error =  0.17171703693309587
Secret Independence =  0.2501167367377425
fidelity error =  0.17177329780190925
Secret Independence =  0.2496530231238209
fidelity error =  0.17180715631586194
Secret Independence =  0.2477977574469322
fidelity error =  0.17194252636153395
Secret Independence =  0.24634790840554338
fidelity error =  0.17204821235837164
Secret Independence =  0.245884293666432
fidelity error =  0.1720819177178971
Secret Independence =  0.24441393589536353
fidelity error =  0.17218875751017354
Secret Independence =  0.24395024256715978
fidelity error =  0.17222238015421867
Secret Independence =  0.24209526231091566
fidelity error =  0.17235680475252635
Secret Independence =  0.23841870600523263
fidelity error =  0.17262286356077702
Secret Independence =  0.2379548183659445
fidelity error =  0.1726562822730832
Secret Independence =  0.2360992749485616
fidelity error =  0.1727898887903473
Secret Independence =  0.2311104812794518
fidelity error =  0.17314858984482887
Secret Independence =  0.16213165309351252
fidelity error =  0.1825048562500345
Secret Independence =  0.007002193228043404
fidelity error =  0.19030261374457783
Secret Independence =  0.002066844500739634
fidelity error =  0.19384713761415828
Secret Independence =  0.000652868496645811
fidelity error =  0.19474432146273746
Secret Independence =  5.62108656916112e-05
fidelity error =  0.19583775815959883
Secret Independence =  9.046037866816197e-06
fidelity error =  0.1959764656778773
Secret Independence =  3.636486778478357e-06
fidelity error =  0.19587858744213577
Secret Independence =  3.6367871341156303e-06
fidelity error =  0.1956375226442762
Secret Independence =  1.0701786041924324e-05
fidelity error =  0.19432356789170743
Secret Independence =  3.056645479822964e-05
fidelity error =  0.19141550220842463
Secret Independence =  0.0001245678790862266
fidelity error =  0.18026434409170589
Secret Independence =  0.00022454211802683895
fidelity error =  0.16621302284532175
Secret Independence =  0.0012937917545969625
fidelity error =  0.12284508403706829
Secret Independence =  0.0003550623074770595
fidelity error =  0.14671653230396317
Secret Independence =  0.0003287789296039193
fidelity error =  0.1221069542994613
Secret Independence =  0.0002247465768172231
fidelity error =  0.1096959072037571
Secret Independence =  0.00010253305898143187
fidelity error =  0.09849522224277751
Secret Independence =  0.0001010652394465811
fidelity error =  0.08925718187217509
Secret Independence =  7.602564597022628e-05
fidelity error =  0.08329692976819969
Secret Independence =  5.3350282243794806e-05
fidelity error =  0.06431413775838139
Secret Independence =  5.427074734619269e-05
fidelity error =  0.04894862921093264
Secret Independence =  5.57091275432036e-05
fidelity error =  0.0355389210505886
Secret Independence =  0.0007512235576517168
fidelity error =  0.02940557846545492
Secret Independence =  3.126898165402433e-05
fidelity error =  0.034210849056025665
Secret Independence =  1.8981153321799037e-05
fidelity error =  0.029187168834698893
Secret Independence =  0.00010380156377111931
fidelity error =  0.018699345639335535
Secret Independence =  2.8373358912667864e-05
fidelity error =  0.018800216173208758
Secret Independence =  1.3102669619736397e-05
fidelity error =  0.015775156624949944
Secret Independence =  1.8338409954897977e-05
fidelity error =  0.010438007680016712
Secret Independence =  5.7159851591898953e-05
fidelity error =  0.0056505413553299185
Secret Independence =  1.666629548998722e-05
fidelity error =  0.005349060556120104
Secret Independence =  9.033518035250813e-06
fidelity error =  0.004866301041022382
Secret Independence =  1.0202698409872693e-05
fidelity error =  0.003836013235849536
Secret Independence =  1.668114928448441e-05
fidelity error =  0.00257474794130996
Secret Independence =  1.5073757475290509e-05
fidelity error =  0.001649582098973759
Secret Independence =  1.1063450583162453e-05
fidelity error =  0.0012955192686049694
Secret Independence =  8.167687624026844e-06
fidelity error =  0.0011959865077901
Secret Independence =  7.901414204522043e-06
fidelity error =  0.0010642819246835503
Secret Independence =  7.971717261909613e-06
fidelity error =  0.0009560980129231232
Secret Independence =  1.2360090815610217e-05
fidelity error =  0.0005423657440997968
Secret Independence =  9.292075699654929e-06
fidelity error =  0.0005524778139413963
Secret Independence =  7.966580446186936e-06
fidelity error =  0.000527446216221656
Secret Independence =  7.8070635403709e-06
fidelity error =  0.0005068072552821719
Secret Independence =  7.833030421787505e-06
fidelity error =  0.000490211812572336
Secret Independence =  7.884363926151195e-06
fidelity error =  0.00046416307963337647
Secret Independence =  9.09269601766923e-06
fidelity error =  0.0004515358982471632
Secret Independence =  7.865172477227521e-06
fidelity error =  0.00045564743066143533
Secret Independence =  7.803851998505172e-06
fidelity error =  0.00044896954994206185
Secret Independence =  7.819799736142086e-06
fidelity error =  0.000437726428497579
Secret Independence =  7.896664754805987e-06
fidelity error =  0.0004154155996145996
Secret Independence =  8.067120711310618e-06
fidelity error =  0.00036064811728737586
Secret Independence =  8.650725078169954e-06
fidelity error =  0.000269004098313863
Secret Independence =  8.204732390258415e-06
fidelity error =  0.00020761080246919466
Secret Independence =  7.875530625754956e-06
fidelity error =  8.699784167698349e-05
Secret Independence =  8.198624063973671e-06
fidelity error =  6.1689866523084e-05
Secret Independence =  7.807148634494603e-06
fidelity error =  3.51039235993435e-05
Secret Independence =  7.794839207892797e-06
fidelity error =  1.3549909922502052e-05
Secret Independence =  7.704886498656e-06
fidelity error =  6.966393683729952e-06
Secret Independence =  7.714230046218898e-06
fidelity error =  6.984380323865127e-06
Secret Independence =  7.66924825093724e-06
fidelity error =  6.944742613123684e-06
Secret Independence =  7.661981987211249e-06
fidelity error =  6.9832686102453244e-06
Saved → /users/home/gustiani/VeriPulse/data/GRAPE_AVG_p120_det0.00_err0.00-lam0.100-4.json
Secret Independence =  0.49613748983231676
fidelity error =  0.11755538649439334
Secret Independence =  0.49612769082904595
fidelity error =  0.11754531097513368
Secret Independence =  0.49611785799981134
fidelity error =  0.11753522197910188
Secret Independence =  0.4960783559462033
fidelity error =  0.11749486589646162
Secret Independence =  0.49591761679206053
fidelity error =  0.11733344028152448
Secret Independence =  0.49581481508530645
fidelity error =  0.11723242982959646
Secret Independence =  0.4958039098023611
fidelity error =  0.11722194049934784
Secret Independence =  0.49576009861625886
fidelity error =  0.11717998305944433
Secret Independence =  0.4955818140390248
fidelity error =  0.11701215173178817
Secret Independence =  0.49526565837695496
fidelity error =  0.11672513191266298
Secret Independence =  0.49525285867281177
fidelity error =  0.11671398497755331
Secret Independence =  0.4952014355956826
fidelity error =  0.11666939708181089
Secret Independence =  0.49507230819414144
fidelity error =  0.1165587754794039
Secret Independence =  0.49505883792024974
fidelity error =  0.11654740351991924
Secret Independence =  0.495004720475384
fidelity error =  0.11650191549851607
Secret Independence =  0.4947844706840704
fidelity error =  0.116319960922671
Secret Independence =  0.49473011729270683
fidelity error =  0.11627581046868185
Secret Independence =  0.4947154530282224
fidelity error =  0.1162640625290506
Secret Independence =  0.49465653793184416
fidelity error =  0.11621707055751866
Secret Independence =  0.49441675079886016
fidelity error =  0.11602909976321518
Secret Independence =  0.49339169943178474
fidelity error =  0.11527720206313724
Secret Independence =  0.4933205353980785
fidelity error =  0.1152277104168415
Secret Independence =  0.49330093946725284
fidelity error =  0.11521458278918659
Secret Independence =  0.4932222082685462
fidelity error =  0.11516207203387278
Secret Independence =  0.4929017272207491
fidelity error =  0.11495202584112377
Secret Independence =  0.4927986780671665
fidelity error =  0.11488569534148202
Secret Independence =  0.4927772545375372
fidelity error =  0.1148721181608011
Secret Independence =  0.49269118003798074
fidelity error =  0.114817809063421
Secret Independence =  0.49255577039859777
fidelity error =  0.11473313640505241
Secret Independence =  0.4925334984210743
fidelity error =  0.11471937570423235
Secret Independence =  0.49244401481419264
fidelity error =  0.11466433253890879
Secret Independence =  0.49207975357251355
fidelity error =  0.11444415496964391
Secret Independence =  0.49121173284293185
fidelity error =  0.11394228905509868
Secret Independence =  0.49118471292814847
fidelity error =  0.11392750136531446
Secret Independence =  0.4910761516065977
fidelity error =  0.11386835017399852
Secret Independence =  0.4906342061363858
fidelity error =  0.11363173964615056
Secret Independence =  0.48909365743992955
fidelity error =  0.11285333695819866
Secret Independence =  0.48905913226086883
fidelity error =  0.11283711129501621
Secret Independence =  0.48901047874127906
fidelity error =  0.11281429471678908
Secret Independence =  0.48897567087331417
fidelity error =  0.11279803758035951
Secret Independence =  0.4888358180879061
fidelity error =  0.11273300848472492
Secret Independence =  0.48826647664080103
fidelity error =  0.11247288493589042
Secret Independence =  0.4869157064387644
fidelity error =  0.11188256964879642
Secret Independence =  0.4868734679915805
fidelity error =  0.11186511005850687
Secret Independence =  0.48670376049935676
fidelity error =  0.11179527108671208
Secret Independence =  0.48601288714315305
fidelity error =  0.11151590755953086
Secret Independence =  0.48552888288680335
fidelity error =  0.11132467352346413
Secret Independence =  0.48548174841246217
fidelity error =  0.11130649021381753
Secret Independence =  0.4852923709627094
fidelity error =  0.11123375604434574
Secret Independence =  0.4845214480834811
fidelity error =  0.11094280695372355
Secret Independence =  0.4812244694309825
fidelity error =  0.10977897100837772
Secret Independence =  0.4812043096724466
fidelity error =  0.10977220516510361
Secret Independence =  0.4811419092383725
fidelity error =  0.10975203949381007
Secret Independence =  0.48089120347259545
fidelity error =  0.1096713754223777
Secret Independence =  0.47995262627362834
fidelity error =  0.10937426638840227
Secret Independence =  0.4798858441343957
fidelity error =  0.10935362090933654
Secret Independence =  0.4796175371197645
fidelity error =  0.10927103737111618
Secret Independence =  0.47863445704516283
fidelity error =  0.10897324149761567
Secret Independence =  0.4785630419292674
fidelity error =  0.1089520853401613
Secret Independence =  0.4782761247043783
fidelity error =  0.10886745891741556
Secret Independence =  0.4780594303800964
fidelity error =  0.10880393237279927
Secret Independence =  0.4779860358696535
fidelity error =  0.10878255568033102
Secret Independence =  0.47769116876255424
fidelity error =  0.10869704690397385
Secret Independence =  0.4764911236621491
fidelity error =  0.10835498428960119
Secret Independence =  0.4754119283456172
fidelity error =  0.10805503396839444
Secret Independence =  0.47532930798441525
fidelity error =  0.10803273389292148
Secret Independence =  0.47520579579747935
fidelity error =  0.10799946861061435
Secret Independence =  0.4751224979845021
fidelity error =  0.1079771285733552
Secret Independence =  0.4747878547673869
fidelity error =  0.10788776640584172
Secret Independence =  0.4738108837476358
fidelity error =  0.10763032349184876
Secret Independence =  0.4737228449712603
fidelity error =  0.10760754920114216
Secret Independence =  0.47336916316065236
fidelity error =  0.10751645048081804
Secret Independence =  0.47281821534120305
fidelity error =  0.10737577124996833
Secret Independence =  0.4727267892925717
fidelity error =  0.10735271641096894
Secret Independence =  0.47265411687928593
fidelity error =  0.1073344189203206
Secret Independence =  0.47256213295829674
fidelity error =  0.10731131736412539
Secret Independence =  0.47219260762047444
fidelity error =  0.10721890936163145
Secret Independence =  0.47068914836718584
fidelity error =  0.10684925519284283
Secret Independence =  0.46848127944141676
fidelity error =  0.10632345935314962
Secret Independence =  0.4683750459129529
fidelity error =  0.10629909824687214
Secret Independence =  0.4679483003783823
fidelity error =  0.10620165185097732
Secret Independence =  0.467006721639915
fidelity error =  0.1059889290298019
Secret Independence =  0.4668955425597617
fidelity error =  0.10596415274643925
Secret Independence =  0.4664489408680712
fidelity error =  0.1058650455555884
Secret Independence =  0.46463248031348997
fidelity error =  0.10546859210496898
Secret Independence =  0.4625919020129873
fidelity error =  0.10503513325642276
Secret Independence =  0.4624659170228804
fidelity error =  0.10500917525415782
Secret Independence =  0.46195987356366053
fidelity error =  0.10490534091837475
Secret Independence =  0.4599021881329981
fidelity error =  0.1044899762273264
Secret Independence =  0.45917218954204353
fidelity error =  0.10434514415355799
Secret Independence =  0.4590349768904268
fidelity error =  0.10431835459224449
Secret Independence =  0.4584838656517577
fidelity error =  0.10421119336662442
Secret Independence =  0.4582835870290638
fidelity error =  0.10417242196104423
Secret Independence =  0.4581435694257956
fidelity error =  0.1041454256688473
Secret Independence =  0.4575812032854944
fidelity error =  0.10403743785565547
Secret Independence =  0.456162326286933
fidelity error =  0.10376802844707922
Secret Independence =  0.45601543963711205
fidelity error =  0.1037405923192697
Secret Independence =  0.4554255044642665
fidelity error =  0.10363084492593733
Secret Independence =  0.45429289996344696
fidelity error =  0.1034220886221039
Secret Independence =  0.4541399942090514
fidelity error =  0.10339427695072315
Secret Independence =  0.45352590326087205
fidelity error =  0.10328302730885039
Secret Independence =  0.4528986703769272
fidelity error =  0.10317012224919855
Secret Independence =  0.45274132030118885
fidelity error =  0.10314205521068688
Secret Independence =  0.4521093943634838
fidelity error =  0.10302978408183133
Secret Independence =  0.4517325277424474
fidelity error =  0.1029631647684151
Secret Independence =  0.45157150218372377
fidelity error =  0.1029348362573953
Secret Independence =  0.4509248284610057
fidelity error =  0.10282151900481794
Secret Independence =  0.4482972270799595
fidelity error =  0.10236821278474123
Secret Independence =  0.4473564101903348
fidelity error =  0.10220856725616816
Secret Independence =  0.447181592567146
fidelity error =  0.10217934411129881
Secret Independence =  0.44647958177266434
fidelity error =  0.10206244828940192
Secret Independence =  0.44614086187277296
fidelity error =  0.1020063034361814
Secret Independence =  0.4459622989838047
fidelity error =  0.10197689481510305
Secret Independence =  0.4452452634469409
fidelity error =  0.10185925728845328
Secret Independence =  0.44233287023887913
fidelity error =  0.10138867498342334
Secret Independence =  0.4352545068397395
fidelity error =  0.10028883154973388
Secret Independence =  0.4350430019995745
fidelity error =  0.10025751031012632
Secret Independence =  0.4341938459940273
fidelity error =  0.10013222260263699
Secret Independence =  0.4341052377782616
fidelity error =  0.10011919121217885
Secret Independence =  0.4338903949719838
fidelity error =  0.10008773514878773
Secret Independence =  0.43302785550702305
fidelity error =  0.09996190842278407
Secret Independence =  0.4316781750242171
fidelity error =  0.09976647201111814
Secret Independence =  0.4314565055511762
fidelity error =  0.09973470840093511
Secret Independence =  0.43056660105067357
fidelity error =  0.09960765318886945
Secret Independence =  0.4286244879887261
fidelity error =  0.09933287718655921
Secret Independence =  0.4283940636746051
fidelity error =  0.09930063441067397
Secret Independence =  0.4274690631213104
fidelity error =  0.09917166279605175
Secret Independence =  0.42545202347167177
fidelity error =  0.09889293433386359
Secret Independence =  0.42521288893353815
fidelity error =  0.09886031177552293
Secret Independence =  0.42425298148075874
fidelity error =  0.09872982309363494
Secret Independence =  0.42228618083190317
fidelity error =  0.09846471437087026
Secret Independence =  0.42203826773927555
fidelity error =  0.09843170465624118
Secret Independence =  0.4210431787162801
fidelity error =  0.0982996676262631
Secret Independence =  0.4170084044044673
fidelity error =  0.0977715757271379
Secret Independence =  0.41547044287740165
fidelity error =  0.0975732227898773
Secret Independence =  0.4152042283973373
fidelity error =  0.0975393552359454
Secret Independence =  0.41413581759766727
fidelity error =  0.09740388986845751
Secret Independence =  0.4138517450150879
fidelity error =  0.0973679937408364
Secret Independence =  0.4135812755586947
fidelity error =  0.09733396885147641
Secret Independence =  0.4127615794938959
fidelity error =  0.09723112842130274
Secret Independence =  0.41248853892146464
fidelity error =  0.0971969828180237
Secret Independence =  0.41139279471333134
fidelity error =  0.09706040663452821
Secret Independence =  0.40719045328332515
fidelity error =  0.09654313797472919
Secret Independence =  0.40690318433040057
fidelity error =  0.09650835185488388
Secret Independence =  0.4057504601158202
fidelity error =  0.09636921539226337
Secret Independence =  0.4010819559025014
fidelity error =  0.09581283169842322
Secret Independence =  0.4005939591890643
fidelity error =  0.09575530923621248
Secret Independence =  0.40029064278650967
fidelity error =  0.09571992061079108
Secret Independence =  0.3998552923451104
fidelity error =  0.0956692047326494
Secret Independence =  0.3995506069743242
fidelity error =  0.09563383861079748
Secret Independence =  0.3985565048093235
fidelity error =  0.09551875566645787
Secret Independence =  0.39824885580007674
fidelity error =  0.09548324160645422
Secret Independence =  0.39701456164232884
fidelity error =  0.09534119943674392
Secret Independence =  0.3948309941142666
fidelity error =  0.09509161104148006
Secret Independence =  0.3945146215260377
fidelity error =  0.09505578518643794
Secret Independence =  0.3941976437561988
fidelity error =  0.09501991567777705
Secret Independence =  0.3930990572705973
fidelity error =  0.09489593347061404
Secret Independence =  0.3927788621005378
fidelity error =  0.09485999365740326
Secret Independence =  0.3921999558358965
fidelity error =  0.09479512476094458
Secret Independence =  0.3918779105800727
fidelity error =  0.09475908352269244
Secret Independence =  0.3905860158040028
fidelity error =  0.09461493349548852
Secret Independence =  0.3900909511301005
fidelity error =  0.09455987478942574
Secret Independence =  0.3897643057463315
fidelity error =  0.0945236278858524
Secret Independence =  0.3884540109905736
fidelity error =  0.09437865555640614
Secret Independence =  0.388306365165918
fidelity error =  0.09436236238709021
Secret Independence =  0.3879758656972466
fidelity error =  0.09432593959328602
Secret Independence =  0.386650156719754
fidelity error =  0.09418026374994834
Secret Independence =  0.3859755206750759
fidelity error =  0.09410638908809701
Secret Independence =  0.3856402180764947
fidelity error =  0.09406979266637217
Secret Independence =  0.38550100660646097
fidelity error =  0.09405461089616779
Secret Independence =  0.38516476264723065
fidelity error =  0.09401802118857652
Secret Independence =  0.3846726679322641
fidelity error =  0.09396454756591699
Secret Independence =  0.38433472823181963
fidelity error =  0.09392785660577249
Secret Independence =  0.3829792756202389
fidelity error =  0.09378111009178333
Secret Independence =  0.37749942264394143
fidelity error =  0.09319444480026998
Secret Independence =  0.3756022776678551
fidelity error =  0.09299371046422077
Secret Independence =  0.3752455114446241
fidelity error =  0.09295634612543249
Secret Independence =  0.37381479896840536
fidelity error =  0.0928069123468713
Secret Independence =  0.3694569943877951
fidelity error =  0.09235564745226481
Secret Independence =  0.3690884191939498
fidelity error =  0.09231797134111813
Secret Independence =  0.36761052618458345
fidelity error =  0.0921672957925798
Secret Independence =  0.3633998888317189
fidelity error =  0.09174139874440129
Secret Independence =  0.36302002758144253
fidelity error =  0.09170333435537936
Secret Independence =  0.3614970568904684
fidelity error =  0.09155110915259553
Secret Independence =  0.36098481835574725
fidelity error =  0.09150004684838664
Secret Independence =  0.36060062715257646
fidelity error =  0.0914619027007251
Secret Independence =  0.3590603674382961
fidelity error =  0.09130936019232254
Secret Independence =  0.35895122944224334
fidelity error =  0.09129857446034714
Secret Independence =  0.35856347754020024
fidelity error =  0.09126037691115224
Secret Independence =  0.3572681388138469
fidelity error =  0.09113304528277105
Secret Independence =  0.35687789294987426
fidelity error =  0.09109478899132985
Secret Independence =  0.3553134793719994
fidelity error =  0.09094180191221347
Secret Independence =  0.3514814057247452
fidelity error =  0.09056953099635204
Secret Independence =  0.35108154185156276
fidelity error =  0.09053098751304019
Secret Independence =  0.3506811026730541
fidelity error =  0.09049246838380043
Secret Independence =  0.3490760172481537
fidelity error =  0.09033843390160208
Secret Independence =  0.34725998487548815
fidelity error =  0.09016484460895693
Secret Independence =  0.346853788199218
fidelity error =  0.09012618939913207
Secret Independence =  0.3452257517498334
fidelity error =  0.08997161496952336
Secret Independence =  0.3386631471315047
fidelity error =  0.08935411865422335
Secret Independence =  0.3318509735560786
fidelity error =  0.0887221158832338
Secret Independence =  0.33142210447804565
fidelity error =  0.0886828815554534
Secret Independence =  0.32970370680063155
fidelity error =  0.08852600211446214
Secret Independence =  0.3285778975325191
fidelity error =  0.08842350136055899
Secret Independence =  0.3281447576864549
fidelity error =  0.08838423407356544
Secret Independence =  0.32640935734203536
fidelity error =  0.08822722561103051
Secret Independence =  0.31942405599766693
fidelity error =  0.08760022907650872
Secret Independence =  0.316580413171904
fidelity error =  0.08734718611072846
Secret Independence =  0.3161329213026044
fidelity error =  0.08730759510739797
Secret Independence =  0.3147406659909734
fidelity error =  0.08718460401821239
Secret Independence =  0.31429140573475706
fidelity error =  0.08714497014927507
Secret Independence =  0.3140438625416538
fidelity error =  0.08712314411631282
Secret Independence =  0.31359445858017704
fidelity error =  0.0870836325640168
Secret Independence =  0.311794406204277
fidelity error =  0.08692565835019547
Secret Independence =  0.3116665840143391
fidelity error =  0.0869144578389527
Secret Independence =  0.3112150071768848
fidelity error =  0.08687486775978745
Secret Independence =  0.3107629578092459
fidelity error =  0.08683527021558234
Secret Independence =  0.30895240953720937
fidelity error =  0.0866769525259138
Secret Independence =  0.3034302400226856
fidelity error =  0.08619676467787268
Secret Independence =  0.30297085810551666
fidelity error =  0.08615713256368951
Secret Independence =  0.3025111342210381
fidelity error =  0.086117522640831
Secret Independence =  0.30205101233871884
fidelity error =  0.08607792506910825
Secret Independence =  0.30120957822717576
fidelity error =  0.08600557918125303
Secret Independence =  0.30074917796350226
fidelity error =  0.08596608531046333
Secret Independence =  0.30028843974642755
fidelity error =  0.08592658060994215
Secret Independence =  0.2988910805871239
fidelity error =  0.08580692380931729
Secret Independence =  0.29842899692420677
fidelity error =  0.08576740655732928
Secret Independence =  0.29827256025805615
fidelity error =  0.08575403384785937
Secret Independence =  0.29781029677816734
fidelity error =  0.08571462093224354
Secret Independence =  0.29734805131454917
fidelity error =  0.08567524655020106
Secret Independence =  0.29597403463907695
fidelity error =  0.08555835385305655
Secret Independence =  0.2955106575587356
fidelity error =  0.08551892875794691
Secret Independence =  0.29365529648217037
fidelity error =  0.08536131401514385
Secret Independence =  0.28964663999153795
fidelity error =  0.0850220762118295
Secret Independence =  0.2891791741910934
fidelity error =  0.08498269766288656
Secret Independence =  0.28871177606194753
fidelity error =  0.08494335198363943
Secret Independence =  0.28684057373440436
fidelity error =  0.08478606461838818
Secret Independence =  0.27933204762651176
fidelity error =  0.08415851785220183
Secret Independence =  0.27293565358346566
fidelity error =  0.08362822996571646
Secret Independence =  0.27245914393045767
fidelity error =  0.08358895002038651
Secret Independence =  0.2715808773728288
fidelity error =  0.08351660344323415
Secret Independence =  0.2711040420660106
fidelity error =  0.08347730086698249
Secret Independence =  0.27067178399387687
fidelity error =  0.08344168911905152
Secret Independence =  0.27019467788224727
fidelity error =  0.08340246211587603
Secret Independence =  0.27011537976730937
fidelity error =  0.08339594417897693
Secret Independence =  0.2696386625359222
fidelity error =  0.08335686269207296
Secret Independence =  0.267730859814836
fidelity error =  0.08320064923108596
Secret Independence =  0.2660774040214893
fidelity error =  0.08306550330397737
Secret Independence =  0.2656000714832226
fidelity error =  0.08302652343515217
Secret Independence =  0.2636899687291513
fidelity error =  0.0828707210862669
Secret Independence =  0.25919426042096005
fidelity error =  0.08250512789896779
Secret Independence =  0.258715256601987
fidelity error =  0.08246624494837375
Secret Independence =  0.2567987238421287
fidelity error =  0.08231083566366672
Secret Independence =  0.25466599536213
fidelity error =  0.08213819964837363
Secret Independence =  0.2541865047920951
fidelity error =  0.08209937408015218
Secret Independence =  0.2537982601974048
fidelity error =  0.0820679482080174
Secret Independence =  0.25331998720638194
fidelity error =  0.08202933089902298
Secret Independence =  0.25284174399959414
fidelity error =  0.0819907474733505
Secret Independence =  0.2509284791328352
fidelity error =  0.08183654245561826
Secret Independence =  0.24968041631142435
fidelity error =  0.08173608074865447
Secret Independence =  0.24920194357098047
fidelity error =  0.08169755306487794
Secret Independence =  0.2472878961570721
fidelity error =  0.08154357378130483
Secret Independence =  0.24274679170779312
fidelity error =  0.08117915279489403
Secret Independence =  0.24226820961117318
fidelity error =  0.08114088059467456
Secret Independence =  0.24198977693125245
fidelity error =  0.08111862033121256
Secret Independence =  0.1393506718785876
fidelity error =  0.06799790118623161
Secret Independence =  0.011148348700375052
fidelity error =  0.06200344761304283
Secret Independence =  0.00505855111253689
fidelity error =  0.057722244313224536
Secret Independence =  0.0022553030379220294
fidelity error =  0.056769433985303236
Secret Independence =  0.0005330634380055971
fidelity error =  0.054522916900779025
Secret Independence =  4.434690085856155e-05
fidelity error =  0.052724157600608085
Secret Independence =  6.280580006233154e-06
fidelity error =  0.052082818107802076
Secret Independence =  5.69499577214557e-06
fidelity error =  0.051855296481689996
Secret Independence =  8.312510936395861e-06
fidelity error =  0.05129430108468798
Secret Independence =  1.9071237265027057e-05
fidelity error =  0.049762852747898316
Secret Independence =  5.082822559222524e-05
fidelity error =  0.04569832264678249
Secret Independence =  0.0001334186214730667
fidelity error =  0.03663713562715761
Secret Independence =  0.00016915403289028368
fidelity error =  0.027523179009807632
Secret Independence =  0.00043214754054913087
fidelity error =  0.012085569654434053
Secret Independence =  0.0001442027047027938
fidelity error =  0.020120188350636465
Secret Independence =  3.601121996818766e-05
fidelity error =  0.011362523259876394
Secret Independence =  6.516843535414872e-05
fidelity error =  0.007223600543456917
Secret Independence =  2.5148620240048653e-05
fidelity error =  0.0059962041583085076
Secret Independence =  1.5583387141213255e-05
fidelity error =  0.004963645253930808
Secret Independence =  1.4364882332780874e-05
fidelity error =  0.0023354614132045474
Secret Independence =  1.4714114876032108e-05
fidelity error =  0.0013957282943330529
Secret Independence =  1.4268811376446315e-05
fidelity error =  0.0007172507780324941
Secret Independence =  1.248333676864367e-05
fidelity error =  0.000612241069177758
Secret Independence =  1.0381286474671272e-05
fidelity error =  0.0005694694587025113
Secret Independence =  9.16616559778362e-06
fidelity error =  0.0005613573046983145
Secret Independence =  9.116372904657163e-06
fidelity error =  0.0005299533926009288
Secret Independence =  9.163843295649653e-06
fidelity error =  0.0004982509314420932
Secret Independence =  9.210132169695264e-06
fidelity error =  0.0004815506555930864
Secret Independence =  9.107539874161255e-06
fidelity error =  0.0004718160865715209
Secret Independence =  9.156671823886e-06
fidelity error =  0.0004563762652960288
Secret Independence =  9.552561584633603e-06
fidelity error =  0.00039095740322219407
Secret Independence =  1.0328170624818855e-05
fidelity error =  0.00027002271171341685
Secret Independence =  1.074665300183913e-05
fidelity error =  0.00010742176852363204
Secret Independence =  1.4987527012427045e-05
fidelity error =  1.3027979208249593e-05
Secret Independence =  1.0930591809360009e-05
fidelity error =  5.150060673955758e-05
Secret Independence =  9.545887222227853e-06
fidelity error =  9.91491169434784e-06
Secret Independence =  9.179751340553695e-06
fidelity error =  6.693574115634247e-06
Secret Independence =  9.08798109960343e-06
fidelity error =  5.630136256376858e-06
Secret Independence =  9.084169489494095e-06
fidelity error =  5.03055729600094e-06
Saved → /users/home/gustiani/VeriPulse/data/GRAPE_AVG_p120_det0.00_err0.00-lam0.100-5.json
